geo_code,popchange
"1001101",-4.6
"1001105",-27.9
"1001113",-25.3
"1001120",-25.7
"1001124",-8.1
"1001126",-7.2
"1001131",-26.4
"1001136",13.7
"1001140",-23.5
"1001144",-19.4
"1001149",-12.1
"1001155",-8.9
"1001169",-6.3
"1001174",-22.8
"1001178",-8.9
"1001181",-3.6
"1001186",-17.3
"1001192",-20.1
"1001197",-18.3
"1001203",-.8
"1001207",-33.3
"1001214",-29.2
"1001219",-20.1
"1001225",.8
"1001228",-20.2
"1001234",-28
"1001240",-6.5
"1001254",-14
"1001259",-15.7
"1001263",41.2
"1001267",12.7
"1001270",-1.3
"1001274",-5
"1001277",-3.8
"1001281",-9
"1001285",-6.9
"1001289",3.8
"1001293",-1
"1001298",7.1
"1001304",-1.2
"1001308",33.2
"1001312",6.2
"1001316",-1.3
"1001321",-6.2
"1001325",-10.3
"1001328",11.7
"1001332",-6.6
"1001335",-13.7
"1001339",-9.1
"1001343",-2.2
"1001347",-15.3
"1001352",-11.2
"1001357",-3.5
"1001361",-1.7
"1001365",-.3
"1001370",.3
"1001374",27.2
"1001375",-5
"1001379",1.9
"1001385",-4.4
"1001391",
"1001394",-16.4
"1001396",3.2
"1001405",43.8
"1001409",7.5
"1001415",-1.7
"1001421",18.2
"1001426",.9
"1001429",8.3
"1001434",.9
"1001437",-3.7
"1001441",-14.3
"1001446",-5.5
"1001452",-8.6
"1001456",-9.8
"1001461",-6.2
"1001464",-4.6
"1001469",-.6
"1001472",-.5
"1001485",13.1
"1001490",-6
"1001494",-3
"1001504",12
"1001505",6.3
"1001507",20
"1001509",17.8
"1001511",6.1
"1001512",4.7
"1001517",40.6
"1001519",5.5
"1001542",-1.6
"1001551",1
"1001557",19
"1001559",10.2
"1001565",-11.5
"1002001",-5.6
"1002002",-1.9
"1002005",-2.4
"1002006",-1.5
"1002008",-7.8
"1002009",0
"1002011",-4.7
"1002012",-9.2
"1002013",-15.5
"1002014",-10.4
"1002015",14.1
"1002016",-37.7
"1002017",3.6
"1002018",-1.1
"1002019",-6.4
"1002021",-5.7
"1002022",-6.1
"1002023",7.7
"1002024",1.3
"1002025",-5.1
"1002026",-32.3
"1002027",-.7
"1002029",
"1002030",-1.5
"1002031",-13.5
"1002033",-9.7
"1002034",-2.3
"1002036",-1.1
"1002037",-9
"1002039",-13
"1002040",2.2
"1002041",-10.5
"1002044",-64.3
"1002048",-11.3
"1002055",-7.1
"1003001",
"1003002",-14.5
"1003003",-7.6
"1003004",-2.9
"1003005",-3.7
"1003006",
"1003008",-8.8
"1003009",-100
"1003010",-16.5
"1003011",-9.8
"1003012",-32.5
"1003014",-30.1
"1003018",-8.8
"1003019",-3.5
"1003020",-8.6
"1003021",-14.9
"1003024",136.2
"1003026",-54.7
"1003028",-8.9
"1003031",-.1
"1003032",-13.8
"1003033",-7.4
"1003034",-3.4
"1003038",-31.8
"1003042",446.5
"1003045",-78.4
"1003801",6.1
"1004001",-3.9
"1004006",-7.2
"1004011",-13.8
"1004013",-3.1
"1004016",-10
"1004017",9.3
"1004018",-4.3
"1004019",2
"1004020",4.4
"1004021",-1.6
"1004022",-5.8
"1004033",6.3
"1004037",-3.3
"1004042",15.8
"1005001",4
"1005003",-22.6
"1005004",3.5
"1005005",-13.6
"1005006",-8.3
"1005007",.5
"1005008",-6.5
"1005009",-7.2
"1005010",30.8
"1005011",-6.2
"1005012",5.4
"1005014",-7.9
"1005015",1.2
"1005016",36.5
"1005017",20.7
"1005018",-1
"1005019",0
"1005020",-9.3
"1005022",-4.4
"1005023",2.2
"1005024",-9.7
"1005025",1.9
"1005028",17.3
"1005030",10.7
"1005033",4.4
"1005035",.3
"1006001",2.8
"1006003",.1
"1006008",-33.7
"1006009",11.1
"1006011",6.9
"1006012",3.8
"1006014",13.3
"1006015",3.1
"1006017",1.2
"1006019",-1.7
"1006021",.2
"1006022",-1.4
"1006026",-2.5
"1006028",-1
"1006029",-18.3
"1006031",-8.5
"1007001",-4.2
"1007006",-7.2
"1007009",4.9
"1007013",14.4
"1007014",-22.2
"1007015",-28.3
"1007016",-3.7
"1007018",-15.7
"1007020",10.1
"1007022",-8.5
"1007023",-4.6
"1007024",-8.7
"1007025",-16.4
"1007026",-36.1
"1007027",-8.3
"1007028",-9
"1007031",-1.8
"1007032",-4.6
"1007036",-7.3
"1007037",-6.3
"1007038",-41.6
"1007039",-.8
"1007040",22.1
"1007041",-3.5
"1007042",-3.4
"1007043",7.5
"1007044",2.9
"1007045",-27.5
"1007046",-21.8
"1007047",-4.2
"1007048",-27.6
"1007049",1.1
"1007050",3.5
"1007051",66.7
"1007054",-16.4
"1007056",-16.3
"1007057",-2.2
"1007060",-8.9
"1007067",-11.2
"1008001",-17.9
"1008004",2.3
"1008006",-2.9
"1008008",-4.4
"1008011",-2.1
"1008020",-13.7
"1008021",-12
"1008022",-12
"1008023",-17.7
"1008024",-14.3
"1008025",-3.8
"1008026",.5
"1008029",-1
"1008031",-4.5
"1008032",-2.5
"1008033",-12.6
"1008035",-7.3
"1008036",-24.7
"1008037",5.3
"1008038",-8.4
"1008039",0
"1008040",-4.3
"1008042",-3.5
"1008043",-1.7
"1008044",5.3
"1008045",-9.5
"1008046",-23.1
"1008047",-2.5
"1008048",-17.2
"1008049",-4.6
"1008052",-50
"1008053",-5
"1008054",-3
"1008055",-15.8
"1008056",-20
"1008058",40.2
"1008059",-8.3
"1008060",-4
"1008061",5.2
"1008062",6.5
"1008063",-6.9
"1008064",-36.2
"1008065",-10.5
"1008066",-18
"1008067",-6.5
"1008069",.7
"1008070",-15.2
"1008071",-7.2
"1008072",-7.9
"1008073",0
"1008074",-34.8
"1008075",-17.2
"1008076",-5.9
"1008077",-11.3
"1008078",-12.4
"1008079",7.5
"1008091",-8.2
"1008092",-1.1
"1008093",-10.6
"1008095",-4
"1008096",-4.5
"1008098",-2.1
"1009001",-35.3
"1009004",-5.7
"1009007",-4.2
"1009008",-19.6
"1009009",-45.6
"1009010",-4.6
"1009011",-20.8
"1009012",-2
"1009013",.1
"1009015",-8
"1009016",-3.7
"1009017",23.5
"1009018",-13.6
"1009019",-6.7
"1009020",-16.5
"1009021",-9.1
"1009022",-6
"1009023",5.5
"1009024",14.1
"1009026",32.8
"1009028",-9.6
"1009029",-2.3
"1009030",-6.2
"1009031",-8.7
"1009032",-.8
"1009034",-60
"1009035",-19
"1009037",-57.1
"1009039",-9.8
"1009041",-55.6
"1009042",-25.3
"1009047",-40.2
"1009048",-9.2
"1010001",-29
"1010002",-7.3
"1010003",-14.5
"1010004",-15
"1010005",-4.2
"1010006",-14.3
"1010007",-6.1
"1010008",-26.5
"1010009",-16.6
"1010010",-17.9
"1010011",-8.2
"1010012",-6.5
"1010013",-15.8
"1010020",-6.9
"1010022",12.4
"1010025",-.3
"1010029",-6.9
"1010032",1.8
"1010034",7
"1010042",
"1010801",31.9
"1010802",24.7
"1011005",
"1011010",13.8
"1011015",-5.9
"1011020",-.3
"1011030",4.9
"1011035",14.9
"1011040",
"1101001",-2.8
"1101002",-10.6
"1101004",-22.3
"1101006",1.6
"1101008",-4.4
"1101009",-6.4
"1101011",11
"1101014",-2.9
"1101016",-3
"1101018",5.2
"1101019",5
"1101021",-11.2
"1101022",-.3
"1101024",6.5
"1101026",-4.6
"1101028",-4.8
"1101029",-7.6
"1101031",-4
"1101032",-7.1
"1101034",-8
"1101036",-4.8
"1101038",-10
"1101039",-4.4
"1101041",-8.4
"1101042",-4.3
"1101044",2
"1101046",-8.8
"1101048",2.3
"1101049",-9.7
"1101050",60
"1101051",4.2
"1102001",-13
"1102004",-3.8
"1102006",-5.4
"1102008",-1.2
"1102009",-.4
"1102012",3.3
"1102014",6.7
"1102026",1.1
"1102028",7.3
"1102029",9.6
"1102030",19.5
"1102031",-4.3
"1102032",35.1
"1102033",-7.1
"1102034",-2.3
"1102036",-2.6
"1102037",-6.8
"1102038",6.1
"1102039",-7.1
"1102040",-.9
"1102041",-3.3
"1102042",19.6
"1102043",-7.8
"1102044",5.3
"1102045",-2.2
"1102046",-2.7
"1102048",1.2
"1102049",12.6
"1102050",-4.1
"1102051",.6
"1102052",9.4
"1102054",2.2
"1102056",-2.4
"1102057",8
"1102058",7.9
"1102059",-13.8
"1102065",11.6
"1102070",7.6
"1102075",7.4
"1102080",21.1
"1102085",10.4
"1103001",.2
"1103005",-4.6
"1103006",-1.9
"1103008",4
"1103009",3.4
"1103010",12.1
"1103011",1.8
"1103012",.8
"1103013",2.9
"1103014",.7
"1103016",-.1
"1103018",2.4
"1103019",-2.7
"1103023",-.3
"1103024",13
"1103025",1.7
"1103026",-7.3
"1103027",.4
"1103028",4.4
"1103029",2
"1103031",.4
"1103032",.6
"1103033",-1.8
"1103034",-.9
"1103035",16.3
"1103036",-4.6
"1103038",4.6
"1103041",-1.8
"1103042",-5.7
"1103044",-15.5
"1103046",-10.8
"1103048",-16
"1103049",6.7
"1103051",-6.4
"1103052",5
"1103054",-4.3
"1103056",-10.2
"1103057",-36.3
"1103058",-5.1
"1103059",2.8
"1103062",-1.7
"1201001",-4.6
"1201004",-4.7
"1201006",-8.7
"1201008",-10.3
"1201009",-9
"1202001",-4.7
"1202004",-1.9
"1202006",-5.6
"1202040",1.3
"1203001",-5.6
"1203004",-6.5
"1203006",2.9
"1203009",1
"1204009",-33.3
"1204010",-2.3
"1204015",65
"1205001",-3.5
"1205002",-100
"1205004",-5.3
"1205006",-100
"1205008",8.3
"1205009",-1.5
"1205012",-2.4
"1205014",-1.4
"1205016",-4.4
"1206001",-.2
"1206004",3.7
"1206006",-.2
"1206008",4.3
"1206009",-1.3
"1206011",18.5
"1206014",46.7
"1206016",
"1207001",-.3
"1207002",20
"1207004",0
"1207011",1.9
"1207012",4.8
"1207016",-.4
"1207021",-5.4
"1207024",13.2
"1207027",-1.7
"1208001",2.1
"1208002",2
"1208004",-2.7
"1208008",3.3
"1208014",6.9
"1209019",51.6
"1209029",
"1209034",4.7
"1209037",9.5
"1209038",-50
"1210001",.2
"1210002",1.2
"1210003",20.5
"1210006",2.5
"1210008",1.8
"1210012",3.3
"1211001",-5.3
"1211002",-6.9
"1211006",-5.3
"1211008",-1.9
"1211009",-3.6
"1211011",2.2
"1211012",-2.3
"1211014",-4.2
"1212001",-.2
"1212004",-9.9
"1212006",-1.5
"1212008",-.2
"1212009",-4.9
"1212011",-1.9
"1212014",1.1
"1212016",-4.6
"1212019",8.9
"1212023",
"1213001",-9
"1213004",-10.5
"1213006",-11.5
"1213008",-9.7
"1214001",6.8
"1214002",6.8
"1214006",-1.1
"1214010",3.3
"1215001",-8.5
"1215002",-4.3
"1215006",-4.2
"1215008",28.4
"1215011",-9.9
"1216001",-4.9
"1216006",-2.9
"1216011",-11.1
"1216014",8.3
"1217008",25.6
"1217020",12.1
"1217030",-4.7
"1218001",-7.5
"1218003",27
"1218006",-9.1
"1301001",-4.4
"1301002",-18.7
"1301004",1.8
"1301006",3
"1301016",-2.8
"1302001",-14.7
"1302004",-12.4
"1302006",-11.3
"1302008",-8.7
"1302011",-4.5
"1302012",3.2
"1302014",-26.8
"1302016",-.2
"1302018",17.9
"1302021",-10.3
"1302024",.2
"1302026",5.1
"1302028",-8.1
"1302031",7.1
"1302034",-6
"1302037",.8
"1302039",-8.1
"1302042",7.1
"1302044",3.4
"1302052",-3.4
"1303001",9.2
"1303004",-9.9
"1303005",-1.3
"1303006",5.2
"1303008",12
"1303011",8
"1303012",6.3
"1303013",.7
"1303014",-6.2
"1303016",3.6
"1303018",-11.8
"1304001",-4.6
"1304004",6.4
"1304005",-2.9
"1304006",5.8
"1304008",-7.4
"1304011",-4.5
"1304013",-13.5
"1304014",-3.5
"1304016",-20.7
"1304018",-4.7
"1304021",.2
"1304022",-6.6
"1304024",-8.9
"1304025",-4.3
"1305001",-13
"1305004",3.1
"1305006",.4
"1305007",7.2
"1305008",-.9
"1305011",2.7
"1305014",2.2
"1305015",2.7
"1305016",7.2
"1305018",-1
"1305021",4.2
"1305022",1.7
"1305023",5.8
"1305024",-9.3
"1305026",-4.4
"1305028",-2.6
"1305031",2.4
"1305034",5.1
"1305036",-4
"1305038",.4
"1305045",2.7
"1305057",17.4
"1306001",-19.4
"1306003",10.3
"1306004",-11.3
"1306006",-22.9
"1306007",-100
"1306008",-.5
"1306011",-5.3
"1306014",6.2
"1306020",7.3
"1306025",4.5
"1307001",.5
"1307002",-7.3
"1307004",-10.7
"1307005",-3.6
"1307007",-1
"1307008",13.8
"1307009",2.7
"1307011",3.7
"1307012",4.3
"1307013",4.2
"1307014",6.7
"1307016",2.4
"1307019",6.3
"1307022",7.7
"1307024",-.2
"1307028",8.4
"1307029",4.5
"1307045",25.6
"1307052",10.1
"1308001",-1.2
"1308003",3.7
"1308004",-4.5
"1308005",1.7
"1308006",1
"1308007",14.5
"1308008",.9
"1308010",-8.5
"1308012",-49
"1308014",-7.6
"1308015",4.6
"1308016",-1.8
"1308017",-5.1
"1308018",-.3
"1308019",-5.3
"1308020",0
"1308021",-8.4
"1308022",-3.1
"1308024",-9.9
"1308026",-14.6
"1309001",-6.2
"1309004",-2.5
"1309006",4
"1309011",-6.6
"1309014",14.9
"1309016",-2.7
"1309017",.4
"1309018",-5.6
"1309019",6.3
"1309021",-10.5
"1309022",-10.7
"1309023",-8.1
"1309026",-6.7
"1309027",-1.7
"1309028",-5.2
"1309031",.9
"1309034",-50.7
"1309035",-10.9
"1309036",-3.7
"1309038",3.4
"1309044",-6.6
"1309047",0
"1309050",-1.8
"1310001",5
"1310002",-.4
"1310004",-3.1
"1310005",3.1
"1310006",-8.5
"1310007",-66.3
"1310008",-19
"1310011",9.7
"1310012",-8.1
"1310013",74.2
"1310014",1.1
"1310016",1.8
"1310018",10.5
"1310019",5.4
"1310021",4.7
"1310024",-3.9
"1310025",1.3
"1310026",-2.9
"1310028",5.3
"1310031",12.1
"1310032",11.3
"1310034",12.6
"1310036",-7
"1310037",-3.2
"1310054",7.4
"1311001",-4
"1311004",.8
"1311005",2.1
"1311006",2.8
"1311008",14.1
"1311011",-3.8
"1311012",0
"1311014",4.1
"1311018",-5.1
"1311019",3.6
"1311021",15.5
"1311024",-2.7
"1311026",2.3
"1311027",6.5
"1311028",-5
"1311030",3.9
"1311031",-.9
"1312001",10
"1312002",1.4
"1312004",-12.9
"1312006",-1.1
"1312007",18.3
"1312008",-12.3
"1312009",-1.3
"1312011",-16
"1312014",-5.7
"1312016",-1.3
"1312019",1
"1312021",-.7
"1312023",-7.6
"1313001",-5.2
"1313002",-5.6
"1313004",1.3
"1313006",-.7
"1313008",-7.4
"1313011",-12.2
"1313012",-6.6
"1313014",-6.8
"1313015",-13.3
"1313018",-10.3
"1313020",23.5
"1313022",28
"1313024",-.5
"1313027",-3.7
"1313028",-100
"1313032",-45.4
"1313033",-37.2
"1313034",264.4
"1313035",11.4
"1313036",-83.3
"1313037",2
"1313038",5.3
"1313039",1.1
"1313041",-16.4
"1313042",-8.9
"1314001",-7.4
"1314003",-13.7
"1314004",-4.5
"1314005",-2.7
"1314006",.8
"1314008",-2.9
"1314010",2.6
"1314011",3.5
"1314012",-4.1
"1314013",-6.1
"1314014",0
"1314015",-3.6
"1314016",-10.4
"1314017",-4.5
"1314018",-.8
"1314019",-13.4
"1314021",-5.6
"1314022",-6.9
"1314025",-9.5
"1314026",33.3
"1315001",1.3
"1315003",10.1
"1315006",-3.3
"1315008",-3.2
"1315010",12.8
"1315011",-3.5
"1315012",.8
"1315013",.5
"1315014",-2.1
"1315015",2
"1315016",-16
"1315017",-33.4
"1315019",9.9
"1315020",10
"1315021",-1.9
"1315022",-6
"1315024",-.5
"1315026",-8.5
"1315027",-6.2
"1315028",.3
"1315029",-6.3
"1315030",-10
"1315031",-5.5
"1315032",.7
"1315033",-3.8
"1315036",-3.6
"1315037",2.7
"1315038",-2.6
"1315040",-4.3
"2401023",-2.1
"2401042",-7.7
"2402005",-3.1
"2402010",-4.9
"2402015",1.4
"2402028",-2.7
"2402047",-5.1
"2402902",
"2403005",2.2
"2403010",-2.7
"2403015",-28.2
"2403020",-7.6
"2403025",-5.9
"2403902",
"2403904",
"2404005",-10.5
"2404010",-6.4
"2404015",-16.5
"2404020",-24
"2404025",-9.4
"2404030",-3.2
"2404037",2.4
"2404047",-5.5
"2404902",-6.4
"2404904",
"2405010",-5.3
"2405015",9.5
"2405020",-.9
"2405025",-13.5
"2405032",-3.4
"2405040",-.9
"2405045",3.8
"2405050",-8.1
"2405055",.4
"2405060",8.2
"2405065",-5.5
"2405070",1.7
"2405077",3.8
"2405902",-28.6
"2406005",5.6
"2406013",-2.1
"2406020",-6.9
"2406025",-8.8
"2406030",-7.2
"2406035",-3.5
"2406040",-18.2
"2406045",-4.6
"2406050",-12.3
"2406055",-5
"2406060",-11.2
"2406802",
"2406804",25.4
"2406902",
"2406904",
"2407005",-8.6
"2407010",-9.6
"2407018",0
"2407025",-19.7
"2407030",-9.6
"2407035",-14.1
"2407040",-2.6
"2407047",1
"2407057",-2.8
"2407065",-6.2
"2407070",-3.3
"2407075",-2.5
"2407080",-4.8
"2407085",-4.6
"2407090",-9
"2407095",-7.7
"2407100",-5.4
"2407105",-11
"2407902",200
"2407904",
"2407906",
"2407908",-75
"2407910",-100
"2407912",
"2407914",-50
"2408005",-3.6
"2408010",-11.5
"2408015",-1.2
"2408023",-2.2
"2408030",-2.4
"2408035",1.8
"2408040",-12.2
"2408053",-1.9
"2408065",.2
"2408073",-3.2
"2408080",-.8
"2408902",-33.3
"2409005",-5.2
"2409010",-9.1
"2409015",-9
"2409020",-2.8
"2409025",-3.9
"2409030",-.2
"2409035",-6.5
"2409040",45.2
"2409048",6.6
"2409055",-29.3
"2409060",-11.6
"2409065",-5.9
"2409070",-3.3
"2409077",1.5
"2409085",-2.5
"2409092",-2.8
"2409902",-91.1
"2409904",
"2410005",-4.5
"2410010",-7.9
"2410015",-6.5
"2410025",-9.5
"2410030",14.8
"2410043",3.7
"2410060",6.9
"2410070",-2.4
"2410075",-4.5
"2410902",-66.7
"2411005",-4.2
"2411010",-3.9
"2411015",-11.8
"2411020",2.2
"2411025",-11.9
"2411030",-7.4
"2411035",-8
"2411040",-1.3
"2411045",-6.6
"2411050",.9
"2411055",.2
"2411902",
"2412005",-7.8
"2412010",-13.2
"2412015",6.5
"2412020",19.7
"2412025",-7.6
"2412030",-2.9
"2412035",-.8
"2412043",.3
"2412045",-21
"2412057",4.6
"2412065",8.9
"2412072",4.6
"2412080",-5.5
"2413005",-4.9
"2413010",5.8
"2413015",-9.4
"2413020",-8.1
"2413025",-7.7
"2413030",-1
"2413040",-10.4
"2413045",-12.9
"2413050",-19.9
"2413055",-15.1
"2413060",-9.5
"2413065",-7.3
"2413073",-3.1
"2413075",-8.9
"2413080",-2.2
"2413085",2.7
"2413090",-3.3
"2413095",-5.8
"2413100",-6.2
"2414005",-5.2
"2414010",0
"2414018",-.4
"2414025",1.6
"2414030",4
"2414035",9
"2414040",5.3
"2414045",-7
"2414050",-16.5
"2414055",-3.8
"2414060",-2.4
"2414065",-9.2
"2414070",-1.6
"2414075",1.4
"2414080",-3.1
"2414085",-6.8
"2414090",-6.8
"2414902",
"2414904",
"2415005",-7.3
"2415013",-1.1
"2415025",6.7
"2415030",-.3
"2415035",2.5
"2415058",-4.4
"2415065",-10.1
"2415902",2.7
"2415904",-18.2
"2416005",5.8
"2416013",.6
"2416023",-1.3
"2416048",5.1
"2416050",-.8
"2416055",1.8
"2416902",
"2417005",-9.6
"2417010",-.7
"2417015",-10.1
"2417020",-16.7
"2417025",-2.1
"2417030",-6.4
"2417035",-13.3
"2417040",-.3
"2417045",-3.2
"2417055",-4
"2417060",0
"2417065",3
"2417070",-1.8
"2417078",4.1
"2418005",-10.7
"2418010",.5
"2418015",-6.1
"2418020",-9.5
"2418025",-20.2
"2418030",-1.9
"2418035",-8.1
"2418040",-2.5
"2418045",-5
"2418050",1.2
"2418055",-9.3
"2418060",1.4
"2418065",12.8
"2418070",-10.4
"2419005",-6.1
"2419010",-3.7
"2419015",-7.8
"2419020",-8.8
"2419025",5.8
"2419030",6.2
"2419037",-7.6
"2419045",-5.8
"2419050",1.5
"2419055",7.4
"2419062",7.4
"2419068",22.7
"2419070",-3.7
"2419075",6.9
"2419082",7
"2419090",2.7
"2419097",4
"2419105",11
"2419110",8.8
"2419117",.2
"2420005",-8
"2420010",.8
"2420015",-4.6
"2420020",-1.3
"2420025",-1.5
"2420030",-1.8
"2421005",4.6
"2421010",16.4
"2421015",
"2421020",7
"2421025",14.4
"2421030",1.8
"2421035",7.6
"2421040",20.8
"2421045",22.3
"2421902",
"2421904",
"2422005",25.9
"2422010",5.3
"2422015",-5.6
"2422020",33
"2422025",3.7
"2422030",12.8
"2422035",21.1
"2422040",19.7
"2422045",50.3
"2422902",
"2423015",-9.8
"2423027",5.2
"2423057",1.4
"2423072",5
"2423802",
"2425213",6.7
"2426005",6
"2426010",11.3
"2426015",3.9
"2426022",13
"2426030",11.3
"2426035",1.2
"2426040",13
"2426048",16.3
"2426055",11
"2426063",17.7
"2426070",14.4
"2427008",-4
"2427015",5.9
"2427028",2.1
"2427035",1.3
"2427043",6
"2427050",.7
"2427055",7.3
"2427060",6.7
"2427065",3.4
"2427070",-4.7
"2428005",-8.7
"2428015",-5.7
"2428020",-.2
"2428025",3
"2428030",4.9
"2428035",-4.8
"2428040",-13
"2428045",1.1
"2428053",.4
"2428060",-2
"2428065",-5.4
"2428070",-6.6
"2428075",-2.7
"2429005",-4.3
"2429013",-3.1
"2429020",-51.9
"2429025",-18.9
"2429030",1.6
"2429038",-2.1
"2429045",-3.2
"2429050",7.5
"2429057",.4
"2429065",-5.2
"2429073",5.3
"2429095",-.7
"2429100",-.1
"2429112",-2.3
"2429120",15.2
"2429125",4.9
"2430005",-.9
"2430010",-5.5
"2430015",19.7
"2430020",-3.2
"2430025",1.7
"2430030",-.6
"2430035",-3.1
"2430040",-9.7
"2430045",-4.3
"2430050",-.8
"2430055",9.4
"2430070",4.8
"2430072",4.8
"2430080",-6.7
"2430085",-7.3
"2430090",8.2
"2430095",-2.4
"2430100",12.6
"2430105",-4.3
"2430110",-2.2
"2431008",-2.4
"2431015",-2.4
"2431020",10.7
"2431025",10.5
"2431030",1.4
"2431035",.7
"2431040",1.8
"2431045",-6.6
"2431050",-14.6
"2431056",-1.3
"2431060",8.2
"2431084",0
"2431095",-3.5
"2431100",-8.4
"2431105",10.8
"2431122",-5.2
"2431130",-5.8
"2431135",0
"2431140",.4
"2432013",-5.8
"2432023",4.4
"2432033",2.2
"2432040",.2
"2432045",4.7
"2432050",14.9
"2432058",-1.9
"2432065",-1
"2432072",3.6
"2432080",-2.2
"2432085",-2.2
"2433007",6.4
"2433017",-4.7
"2433025",4.1
"2433030",11.9
"2433035",17.9
"2433040",-2.2
"2433045",20.3
"2433052",-.4
"2433060",9.6
"2433065",8.8
"2433070",6
"2433080",-1
"2433085",9.4
"2433090",15.3
"2433095",10.7
"2433102",-1.6
"2433115",-4.7
"2433123",-9
"2434007",6.9
"2434017",16
"2434025",12.9
"2434030",12.4
"2434038",-3.8
"2434048",.7
"2434058",4.9
"2434060",-3.4
"2434065",3.2
"2434078",-1.8
"2434085",-5
"2434090",-3.8
"2434097",7.6
"2434105",-3
"2434115",-2.6
"2434120",10.2
"2434128",3.7
"2434135",-3.3
"2434902",-100
"2434904",-100
"2434906",
"2435005",-11.7
"2435010",4.6
"2435015",-6
"2435020",.1
"2435027",1.4
"2435035",8.5
"2435040",3.1
"2435045",35.2
"2435050",-.3
"2435055",19.2
"2435902",-100
"2435904",0
"2435906",
"2435908",
"2436033",-3.6
"2437067",4
"2437205",4.1
"2437210",-.9
"2437215",2.3
"2437220",6.3
"2437225",6.9
"2437230",17.2
"2437235",6.5
"2437240",-2.4
"2437245",-.4
"2437250",-6.7
"2438005",6.1
"2438010",13.3
"2438015",-9.9
"2438020",-5.9
"2438028",-9.7
"2438035",1.7
"2438040",-5.4
"2438047",.6
"2438055",8.4
"2438060",-13.2
"2438065",3.4
"2438070",-5.5
"2438802",-9.1
"2439005",-10.3
"2439010",-6.5
"2439015",-2.4
"2439020",1.3
"2439025",-4.3
"2439030",-.3
"2439035",.3
"2439043",5.5
"2439060",6.8
"2439062",7.4
"2439077",-.8
"2439085",1.7
"2439090",1.6
"2439097",-4.1
"2439105",-5.7
"2439117",3.6
"2439130",10.4
"2439135",-1
"2439145",8
"2439150",-3.6
"2439155",-3.9
"2439165",7.5
"2439170",-8.3
"2440005",2.7
"2440010",.4
"2440017",-5.6
"2440025",14.1
"2440032",0
"2440043",4.1
"2440047",.7
"2441012",-8.3
"2441020",-18.8
"2441027",-7
"2441037",-8.2
"2441038",3.3
"2441055",11.4
"2441060",11.4
"2441065",7
"2441070",-7.2
"2441075",2.4
"2441080",-7
"2441085",-34.7
"2441098",-2
"2441117",3.4
"2442005",2.1
"2442020",4.1
"2442025",10.1
"2442032",-1
"2442040",5.5
"2442045",1.6
"2442050",-4.8
"2442055",0
"2442060",2.1
"2442065",15
"2442070",24.2
"2442075",-8.3
"2442078",14.6
"2442088",2.4
"2442095",1.5
"2442098",-1.8
"2442100",.2
"2442110",1.2
"2443027",4.9
"2444003",-10.2
"2444005",-6.3
"2444010",-12.3
"2444015",-2.2
"2444023",3.6
"2444037",.6
"2444045",1.4
"2444050",-4
"2444055",10
"2444060",.4
"2444071",10.4
"2444080",5.3
"2445008",-3.4
"2445020",1
"2445025",-2.5
"2445030",3.3
"2445035",1.2
"2445043",-2.1
"2445050",-9.4
"2445055",12.2
"2445060",6.3
"2445072",6.2
"2445080",4.2
"2445085",33.9
"2445093",9.8
"2445095",29.3
"2445100",7.7
"2445105",6.2
"2445115",20
"2446005",6.8
"2446010",6.2
"2446017",7
"2446025",-3.1
"2446030",-10.7
"2446035",2.8
"2446040",-5
"2446045",4.8
"2446050",2.2
"2446058",2.7
"2446065",-6.2
"2446070",-2.5
"2446075",-.4
"2446078",26.5
"2446080",2.5
"2446085",14.3
"2446090",2
"2446095",1.1
"2446100",-9.3
"2446105",6.4
"2446112",6.7
"2447010",7.1
"2447017",6.8
"2447025",6.8
"2447030",3.5
"2447035",13
"2447040",7.5
"2447047",5.2
"2447055",5.1
"2448005",-5.1
"2448010",-3.1
"2448015",7.6
"2448020",-12.9
"2448028",1.1
"2448038",6.2
"2448045",-1.5
"2448050",-.7
"2449005",9.3
"2449015",-1
"2449020",7.6
"2449025",-4.8
"2449030",5
"2449040",-1.3
"2449048",14
"2449058",6.6
"2449070",7.6
"2449075",-1.5
"2449080",7.3
"2449085",-.3
"2449095",10.1
"2449100",6.7
"2449105",-.2
"2449113",-2
"2449125",3.5
"2449130",.7
"2450005",-2.6
"2450013",8.8
"2450023",-3.4
"2450030",2.5
"2450035",-2.1
"2450042",5.8
"2450050",2.5
"2450057",2.2
"2450065",1.1
"2450072",0
"2450085",-4.9
"2450090",-10.7
"2450095",7.7
"2450100",-5
"2450113",-6.9
"2450128",-2.2
"2450802",-2.6
"2451008",.9
"2451015",1.1
"2451020",1
"2451025",-2.3
"2451030",-3.3
"2451035",2.8
"2451040",-3.1
"2451045",.9
"2451050",-3.3
"2451055",-2.4
"2451060",-5.4
"2451065",-2.3
"2451070",2.3
"2451075",0
"2451080",7.5
"2451085",7.9
"2451090",8.7
"2452007",9.5
"2452017",9.3
"2452030",8.3
"2452035",2.1
"2452040",2.5
"2452045",8.4
"2452050",1.1
"2452055",-7.6
"2452062",-5.1
"2452070",-.7
"2452075",-2.8
"2452080",.6
"2452085",-4.3
"2452090",-11.2
"2452095",-8
"2453005",4.8
"2453010",-.8
"2453015",-3.4
"2453020",4.7
"2453025",3.8
"2453032",1.2
"2453040",13.5
"2453050",-.5
"2453052",1.5
"2453065",-.1
"2453072",.1
"2453085",-2.4
"2454008",6.4
"2454017",.8
"2454025",8.3
"2454030",9.6
"2454035",16.6
"2454048",3.1
"2454060",9.1
"2454065",7.1
"2454072",5.4
"2454090",.2
"2454095",13.2
"2454100",-1.4
"2454105",-.6
"2454110",9.3
"2454115",7.2
"2454120",6.7
"2454125",-6.4
"2455008",21.8
"2455015",1.6
"2455023",10.4
"2455030",17.7
"2455037",3.9
"2455048",34.1
"2455057",5
"2455065",2.5
"2456005",17.3
"2456010",-4.5
"2456015",-4.2
"2456023",6.7
"2456030",-1.7
"2456035",-6
"2456042",-4.3
"2456050",7.9
"2456055",6.6
"2456060",9.8
"2456065",-10.4
"2456083",5.6
"2456097",5.6
"2456105",8.8
"2457005",13.1
"2457010",7.3
"2457020",7.2
"2457025",7.3
"2457030",-.2
"2457033",5.1
"2457035",15.8
"2457040",9.8
"2457045",14.7
"2457050",9.3
"2457057",-5.7
"2457068",1.9
"2457075",4.1
"2458007",11.4
"2458012",-.2
"2458033",4.3
"2458037",7
"2458227",.9
"2459010",3.5
"2459015",29.4
"2459020",.2
"2459025",8.6
"2459030",-5.4
"2459035",10.1
"2460005",4.6
"2460013",7.6
"2460020",-1.8
"2460028",20
"2460035",16.2
"2460040",5.3
"2461005",28
"2461013",13
"2461020",.3
"2461025",3
"2461027",11.6
"2461030",7.8
"2461035",10.7
"2461040",7.3
"2461045",17.9
"2461050",4.6
"2462007",4.8
"2462015",4.4
"2462020",3.4
"2462025",-.6
"2462030",10.1
"2462037",3.6
"2462047",-3.4
"2462053",-4.8
"2462055",-7.4
"2462060",-3.9
"2462065",1.7
"2462070",-2.2
"2462075",-7.3
"2462080",-19.1
"2462085",-18.9
"2462802",12.5
"2462902",
"2462904",
"2462906",0
"2462908",50
"2462910",
"2462912",-39.8
"2462914",
"2462916",
"2462918",
"2462919",
"2462920",
"2462922",
"2463005",-7.3
"2463013",8.5
"2463020",3.8
"2463025",9.4
"2463030",5.1
"2463035",10
"2463040",-6.3
"2463048",23.3
"2463055",4.3
"2463060",16.9
"2463065",4.7
"2464008",12.3
"2464015",25.8
"2465005",8.9
"2466007",-2.5
"2466023",1.8
"2466032",-2.7
"2466047",-1.9
"2466058",2.9
"2466062",2.2
"2466072",3
"2466087",.7
"2466092",
"2466097",2.1
"2466102",3.7
"2466107",1.6
"2466112",-1.3
"2466117",-2.4
"2466127",-4.4
"2466142",1.4
"2467005",-.8
"2467010",7.3
"2467015",7.3
"2467020",24.6
"2467025",1.9
"2467030",3.4
"2467035",4.3
"2467040",3.7
"2467045",14.5
"2467050",7.3
"2467055",-3.3
"2467802",
"2468005",-3.9
"2468010",6.7
"2468015",-.9
"2468020",6
"2468025",3.1
"2468030",5.2
"2468035",19
"2468040",2.7
"2468045",8.3
"2468050",9.4
"2468055",18.4
"2469005",-.7
"2469010",2.2
"2469017",-2.4
"2469025",4
"2469030",-4.8
"2469037",-1.5
"2469045",-5.4
"2469050",-12.4
"2469055",-5
"2469060",-2.7
"2469065",-3.4
"2469070",-7.1
"2469075",-6.4
"2469802",
"2470005",1.7
"2470012",17.2
"2470022",.8
"2470030",4.1
"2470035",-1.1
"2470040",-6.9
"2470052",1
"2471005",9.6
"2471015",-.9
"2471020",15.3
"2471025",29
"2471033",21.4
"2471040",7.8
"2471045",.8
"2471050",6.1
"2471055",28.1
"2471060",5.8
"2471065",7.4
"2471070",27.8
"2471075",-.7
"2471083",29.1
"2471090",5.3
"2471095",-18
"2471100",.9
"2471105",13.4
"2471110",-.5
"2471115",4.7
"2471125",17.7
"2471133",8.3
"2471140",6.9
"2472005",4.9
"2472010",.9
"2472015",38.7
"2472020",-2.7
"2472025",24.9
"2472032",20.3
"2472043",4.4
"2472802",
"2473005",1.3
"2473010",3.2
"2473015",15.1
"2473020",.9
"2473025",-1.4
"2473030",13.1
"2473035",11.8
"2474005",21.2
"2475005",29
"2475017",7.4
"2475028",29.2
"2475040",20.1
"2475045",12
"2476008",5.7
"2476020",6.1
"2476025",15.3
"2476030",10.1
"2476035",3.9
"2476043",8.2
"2476052",.9
"2476055",12.8
"2476065",9.8
"2477011",-22.3
"2477012",9.7
"2477022",14.1
"2477030",14
"2477035",11
"2477043",7.5
"2477050",12
"2477055",39.4
"2477060",6.4
"2477065",3.9
"2478005",.6
"2478010",5.6
"2478015",.4
"2478020",11.5
"2478032",4.5
"2478042",7.1
"2478047",16.1
"2478050",-33.3
"2478055",-5.1
"2478060",.5
"2478065",-3.2
"2478070",7.2
"2478075",7.8
"2478095",8.4
"2478100",-7.3
"2478102",6.8
"2478115",.3
"2478120",8.3
"2478127",88
"2478130",-4.7
"2478802",
"2479005",-2.9
"2479010",1.1
"2479015",-2.1
"2479022",.5
"2479025",-.9
"2479030",-12.9
"2479037",11.9
"2479047",7.4
"2479050",-2
"2479060",-9.3
"2479065",.2
"2479078",-5.9
"2479088",2.8
"2479097",-6.1
"2479105",-7.7
"2479110",1.3
"2479115",1
"2479902",
"2479904",
"2479906",
"2479910",
"2479912",
"2479914",
"2479916",
"2479920",
"2479922",
"2479924",
"2479926",
"2480005",-3.6
"2480010",-.9
"2480015",-5.1
"2480020",-.1
"2480027",7.8
"2480037",-.1
"2480045",7.7
"2480050",6.8
"2480055",-17.7
"2480060",25.7
"2480065",4.2
"2480070",-1.3
"2480078",1.7
"2480085",-36.8
"2480090",2.1
"2480095",13.2
"2480103",1
"2480110",22.4
"2480115",-23.8
"2480125",5.4
"2480130",29.5
"2480135",-14.7
"2480140",7.4
"2480145",.1
"2481017",9.6
"2482005",16.2
"2482010",-2.2
"2482015",9.2
"2482020",24.8
"2482025",4.1
"2482030",8.5
"2482035",1.9
"2483005",-5.3
"2483010",-3.8
"2483015",1
"2483020",-5.6
"2483032",-3.4
"2483040",7.9
"2483045",10.9
"2483050",9.5
"2483055",57
"2483060",-.1
"2483065",-4.2
"2483070",-5.5
"2483075",6.7
"2483085",-.4
"2483088",-7
"2483090",-6.5
"2483095",-6.5
"2483802",20.3
"2483804",
"2483902",
"2483904",
"2483906",
"2483908",
"2483912",
"2484005",-6.8
"2484010",4.9
"2484015",-5.2
"2484020",-5
"2484025",4.7
"2484030",4
"2484035",-6.9
"2484040",-5.6
"2484045",-31.6
"2484050",-32.3
"2484055",14.1
"2484060",1.4
"2484065",6.2
"2484070",6.7
"2484082",-6.8
"2484090",-5.2
"2484095",-22.2
"2484100",-23.8
"2484902",-100
"2485005",-11.6
"2485010",-16.1
"2485015",-7.4
"2485020",-12.2
"2485025",-3.7
"2485030",-4.8
"2485037",-4
"2485045",2.2
"2485050",39.6
"2485055",9.3
"2485060",-8.7
"2485065",-14.9
"2485070",-15.5
"2485075",-5.8
"2485080",-3.2
"2485085",-4.2
"2485090",-3.7
"2485095",3.4
"2485100",-3.1
"2485105",-12.3
"2485802",5.2
"2485803",-15.6
"2485804",71.4
"2485806",6.9
"2485905",-54
"2485907",-100
"2486042",2.7
"2487005",2.8
"2487010",14.3
"2487015",3
"2487020",5.7
"2487025",.8
"2487030",-5
"2487035",-2
"2487042",-1.5
"2487050",14.2
"2487058",.3
"2487070",-5.6
"2487075",1.7
"2487080",-6.1
"2487085",-2.6
"2487090",5.2
"2487095",-10
"2487100",-13.9
"2487105",4.1
"2487110",-9.7
"2487115",-3.4
"2487120",-5
"2487902",
"2487904",-17.5
"2488005",-2.3
"2488010",-9
"2488015",-11.1
"2488022",-4
"2488030",2.6
"2488035",-.9
"2488040",11.4
"2488045",15.7
"2488050",-2.8
"2488055",.7
"2488060",-8.5
"2488065",-2.9
"2488070",11.6
"2488075",-4.8
"2488080",1.3
"2488085",-6.7
"2488090",8.3
"2488802",10.5
"2488902",-40
"2488904",15.3
"2489008",2.4
"2489010",15.7
"2489015",-5.2
"2489040",-1.3
"2489045",2.7
"2489050",-6.6
"2489802",15.3
"2489804",20.4
"2489902",
"2489908",
"2489910",
"2489912",
"2490012",-5
"2490017",-18.5
"2490027",12.9
"2490802",11.3
"2490804",14
"2491005",-10.5
"2491010",.8
"2491015",-10.5
"2491020",4.9
"2491025",-3
"2491030",.5
"2491035",3.6
"2491042",-1.9
"2491050",-.1
"2491802",26.5
"2491902",-20
"2492005",1.8
"2492010",-14.2
"2492015",-4.4
"2492022",-1.1
"2492030",-1.4
"2492040",-2.6
"2492045",-4.4
"2492050",-9.7
"2492055",-7.3
"2492060",8
"2492065",-4.5
"2492070",2.3
"2492902",29.9
"2492904",210
"2493005",-2
"2493012",.3
"2493020",.8
"2493025",-1.1
"2493030",12
"2493035",3.6
"2493042",3
"2493045",13.3
"2493055",-6.2
"2493060",-.9
"2493065",.4
"2493070",2.8
"2493075",-5.4
"2493080",-6.7
"2493902",
"2493904",
"2493906",
"2493908",
"2494068",.7
"2494205",-6.8
"2494210",11
"2494215",-13.1
"2494220",-6.9
"2494225",-20.5
"2494230",-6.3
"2494235",-3.7
"2494240",11.2
"2494245",4
"2494250",.7
"2494255",1.8
"2494260",4.7
"2494265",6.4
"2494926",
"2494928",
"2494930",-66.7
"2495005",-4.4
"2495010",-7.1
"2495018",5.8
"2495025",-3.5
"2495032",-11.6
"2495040",-8.9
"2495045",-7.7
"2495050",-8.6
"2495802",8.5
"2495902",
"2496005",-20.3
"2496010",-17.5
"2496015",-6.4
"2496020",-2
"2496025",.8
"2496030",-7.8
"2496035",-11.3
"2496040",-7.6
"2496802",2.7
"2496902",-35.8
"2497007",.7
"2497022",-1.6
"2497035",9.2
"2497040",5.4
"2497802",24.8
"2497804",17.2
"2497806",3
"2497808",2.3
"2497810",31.3
"2497902",
"2497904",-20.3
"2497906",
"2497908",
"2497912",
"2497914",
"2498005",-11.5
"2498010",-12.2
"2498012",-20.2
"2498014",-11.8
"2498015",-5.5
"2498020",-14.6
"2498025",-6.8
"2498030",-8.3
"2498035",-14.7
"2498040",8.5
"2498045",11.4
"2498050",-8.1
"2498055",-21.3
"2498802",8
"2498804",9.7
"2498806",3.8
"2498808",11.3
"2498904",
"2498912",
"2499005",-20.9
"2499010",
"2499015",-1.9
"2499020",-1.2
"2499025",-.3
"2499030",
"2499035",
"2499040",
"2499045",
"2499050",
"2499055",
"2499060",-6.5
"2499065",
"2499070",
"2499075",15.7
"2499080",13.8
"2499085",0
"2499090",18.9
"2499095",11.4
"2499100",22.2
"2499105",12.1
"2499110",17.8
"2499115",19.4
"2499120",16.1
"2499125",21.3
"2499130",15
"2499135",8.5
"2499140",6
"2499802",20.6
"2499804",18.3
"2499806",18.3
"2499808",10.9
"2499810",18
"2499812",13.4
"2499814",12.9
"2499816",7.6
"2499818",19.6
"2499877",
"2499878",
"2499879",
"2499883",
"2499887",
"2499888",
"2499889",
"2499890",
"2499891",
"2499892",
"2499893",
"2499894",
"2499902",-100
"2499904",-100
"3501005",2.2
"3501007",
"3501011",.8
"3501012",.8
"3501020",2.5
"3501030",1.2
"3501042",.1
"3501050",-3.6
"3502001",-1
"3502008",-2.9
"3502010",-1.3
"3502023",6.3
"3502025",9.4
"3502036",11.5
"3502044",10.7
"3502048",9.8
"3506008",8.8
"3507004",4
"3507006",-1.1
"3507008",2.5
"3507014",-4.7
"3507015",-.4
"3507017",-4.4
"3507021",-1.7
"3507024",-1.7
"3507033",-2.6
"3507040",-1.4
"3507042",1
"3507052",-.6
"3507065",6.2
"3509001",8.5
"3509004",-2
"3509010",5.2
"3509015",-1.1
"3509021",-1.1
"3509024",9.4
"3509028",3.8
"3509030",5.5
"3509039",-1
"3510005",.1
"3510010",5.3
"3510020",-.6
"3510035",-2.3
"3510045",-3.3
"3511005",7.7
"3511015",.7
"3511030",-.1
"3511035",.8
"3512001",2
"3512002",.6
"3512004",
"3512005",1.3
"3512015",.9
"3512020",1.5
"3512026",3.6
"3512030",7.9
"3512036",6.2
"3512046",4.1
"3512048",-14.1
"3512051",-3.3
"3512054",-3
"3512058",-7
"3512061",1.1
"3512065",-6.1
"3512076",3.3
"3513020",-.9
"3514004",6.6
"3514014",2.1
"3514019",-2.5
"3514020",-1.1
"3514021",1.7
"3514024",2.8
"3514027",-7.3
"3514045",2.9
"3515003",-4.9
"3515005",-2.2
"3515008",-25.1
"3515013",-2.6
"3515014",4.4
"3515015",-1.1
"3515019",-5.4
"3515023",-2.1
"3515030",-2.5
"3515037",-2.3
"3515044",-3.4
"3516010",-1.8
"3518001",1
"3518005",21.6
"3518009",9.7
"3518013",5.7
"3518017",8.6
"3518020",.6
"3518022",29.2
"3518029",7.6
"3518039",-5.3
"3519028",20.7
"3519036",15.3
"3519038",14
"3519044",54.3
"3519046",11.7
"3519048",7.6
"3519049",2.1
"3519054",6.7
"3519070",2.8
"3519076",-22.1
"3520005",4.5
"3521005",6.7
"3521010",20.8
"3521024",4.2
"3522001",8.6
"3522008",3.1
"3522010",-4.1
"3522012",6.7
"3522014",3.9
"3522016",2.2
"3522019",-1.9
"3522021",13.5
"3523001",5.1
"3523008",5.9
"3523009",2.6
"3523017",-3.4
"3523025",2.5
"3523033",1.4
"3523043",-2
"3523050",2.7
"3524001",10.2
"3524002",6.9
"3524009",56.5
"3524015",6.7
"3525005",3.1
"3526003",.1
"3526011",-.9
"3526014",-3.7
"3526021",5.1
"3526028",2.7
"3526032",.6
"3526037",-1.6
"3526043",1
"3526047",5.6
"3526053",-.4
"3526057",3.5
"3526065",5.8
"3528018",-.7
"3528035",227
"3528037",
"3528052",1
"3529005",3.6
"3529006",3.8
"3529020",
"3529021",8.5
"3530004",3
"3530010",5.3
"3530013",7.1
"3530016",1.3
"3530020",12.4
"3530027",9.4
"3530035",17.7
"3531011",1.2
"3531013",-3.4
"3531016",.6
"3531025",.9
"3531030",.4
"3531040",3.1
"3532002",2.3
"3532004",3.2
"3532012",-.6
"3532018",3.3
"3532027",-.8
"3532038",-2.5
"3532042",5.4
"3532045",2.9
"3534005",3.9
"3534010",3.6
"3534011",1.2
"3534020",.2
"3534021",5
"3534024",-4.9
"3534030",1.4
"3534042",-3.6
"3536020",-4.2
"3536029",-1.9
"3537001",-40.4
"3537003",-1.5
"3537013",2.2
"3537016",-2.2
"3537028",-.9
"3537034",3.6
"3537039",-2.6
"3537048",-2.5
"3537064",3.9
"3538003",-.9
"3538004",
"3538007",-6.4
"3538015",-4.2
"3538016",-6.1
"3538018",-1.8
"3538019",5.9
"3538025",-9.3
"3538030",1.3
"3538031",.7
"3538035",.9
"3538040",-4.4
"3538043",-5.8
"3538056",-8.2
"3539002",1.8
"3539005",-.5
"3539015",5.1
"3539017",2
"3539018",-4.2
"3539021",
"3539027",-.6
"3539033",5.8
"3539036",3.9
"3539041",-1.2
"3539047",-3.4
"3539060",3.6
"3540005",-.4
"3540010",-1.1
"3540025",-.7
"3540028",-.6
"3540040",-.5
"3540046",-.7
"3540050",.3
"3540055",-2.6
"3540063",3.2
"3541004",-4.3
"3541015",4.2
"3541024",0
"3541032",-2.2
"3541043",.9
"3541045",8
"3541055",0
"3541057",-4.2
"3541060",12.9
"3541069",-2.8
"3542004",0
"3542005",1.7
"3542015",.4
"3542029",4.8
"3542037",.7
"3542045",-5.5
"3542047",1.4
"3542053",-1
"3542059",-.3
"3543003",-.9
"3543005",-2.5
"3543007",9.1
"3543009",4.4
"3543014",16.8
"3543015",2.9
"3543017",6.1
"3543019",-1.6
"3543021",9.5
"3543023",.2
"3543031",11.3
"3543042",5.7
"3543050",2.8
"3543052",1.1
"3543064",16.7
"3543068",4.4
"3543069",113.9
"3543070",-10.8
"3543071",-.1
"3543072",-2.6
"3543074",1.5
"3544002",5.4
"3544018",-1.6
"3544027",-8
"3544042",4.2
"3544053",-2.2
"3544065",-9.2
"3544071",
"3544073",1
"3546005",5.2
"3546015",1.8
"3546018",9.1
"3546024",8
"3547002",13.4
"3547003",2.1
"3547008",-9.7
"3547020",10.8
"3547030",-2.3
"3547033",-5.8
"3547035",2.7
"3547037",6.4
"3547043",4.7
"3547046",-3
"3547048",4.7
"3547056",4.4
"3547064",3.1
"3547070",1.2
"3547075",4.2
"3547076",9.1
"3547090",.8
"3547096",-.5
"3547098",3.1
"3548001",-3.4
"3548013",-7.6
"3548019",10.2
"3548021",1
"3548022",-6.6
"3548027",1.8
"3548031",-4.2
"3548034",6.7
"3548044",-.6
"3548055",5.5
"3548069",-12.2
"3548072",
"3548073",2.6
"3548091",-86
"3548094",3.1
"3549003",-6.7
"3549005",-1.7
"3549012",-1.5
"3549014",15.3
"3549018",5.4
"3549019",9.8
"3549022",8.3
"3549024",-7.6
"3549028",5.9
"3549031",0
"3549032",6.4
"3549036",11.1
"3549039",-10.9
"3549043",-9.7
"3549046",1.1
"3549048",4.6
"3549051",1.4
"3549054",6.6
"3549056",-1.9
"3549060",2.1
"3549066",18.9
"3549071",3.8
"3549072",10.4
"3549073",19.7
"3549075",86.7
"3549076",38.4
"3549077",4.6
"3549078",19.2
"3549095",-8.1
"3549096",-9.3
"3551001",6.3
"3551006",.7
"3551011",5
"3551017",-.2
"3551021",-6.1
"3551026",-8
"3551027",14.6
"3551028",-6.4
"3551034",-100
"3551040",28.5
"3551041",5.5
"3551042",-3.8
"3551043",8.6
"3551044",10.3
"3551045",17.1
"3551094",-27.9
"3551100",5.8
"3552001",-8.2
"3552004",10.6
"3552013",-7.2
"3552023",-5
"3552026",.9
"3552028",-.5
"3552031",-3.2
"3552036",10
"3552051",12.9
"3552052",2.1
"3552053",55
"3552054",2.4
"3552058",-14.1
"3552092",-10.1
"3552093",-4.5
"3553005",1.5
"3553040",96.2
"3554001",10.6
"3554006",-.8
"3554008",-7.4
"3554014",2.1
"3554020",-.4
"3554021",4.6
"3554024",10.5
"3554026",-2.2
"3554029",-2.9
"3554032",10.3
"3554034",-8.1
"3554036",5.3
"3554038",17.1
"3554042",2.4
"3554044",9.5
"3554049",-4.4
"3554052",1.7
"3554054",-7.8
"3554056",-28.5
"3554057",15.3
"3554058",-11.7
"3554062",-6.9
"3554066",-7.5
"3554068",-1.4
"3554091",-100
"3554094",-11.3
"3556014",-8
"3556027",.4
"3556031",-2.8
"3556033",10.5
"3556042",-2.7
"3556048",-6.6
"3556052",-6.7
"3556056",-15.2
"3556066",-3.7
"3556070",-13
"3556073",-23.6
"3556076",-9.4
"3556077",-11.1
"3556091",
"3556092",25.2
"3556093",-71.7
"3556094",
"3556095",-4.6
"3556096",
"3556098",-40
"3556100",-100
"3556102",5.5
"3556106",-14
"3557001",-14.4
"3557004",7.4
"3557006",-15.7
"3557008",6.4
"3557011",-1.9
"3557014",2.1
"3557016",7
"3557019",4
"3557021",-3.1
"3557026",-3.6
"3557028",-2.5
"3557035",1.6
"3557038",-6.1
"3557039",-4.4
"3557040",-7.3
"3557041",-1.7
"3557051",-5.5
"3557061",.3
"3557066",6.2
"3557071",17.2
"3557072",9.7
"3557073",-5.8
"3557074",12.4
"3557075",
"3557076",-7.1
"3557077",
"3557078",25.9
"3557079",-17.9
"3557091",-27.8
"3557094",
"3557095",-3.5
"3557096",-13.2
"3558001",-9.1
"3558003",-3.3
"3558004",-.7
"3558011",-.4
"3558012",-13.1
"3558016",-4.9
"3558019",3.2
"3558028",-6
"3558034",-10.8
"3558041",-11.4
"3558044",-6.9
"3558051",25
"3558054",-9.5
"3558059",-13.2
"3558060",40.9
"3558061",-7.7
"3558062",3.1
"3558063",-5.1
"3558064",7.1
"3558065",1.9
"3558066",-8.5
"3558067",-4.6
"3558068",-12
"3558069",18.2
"3558075",-3.3
"3558076",11.1
"3558077",-100
"3558080",2
"3558085",0
"3558090",-10.3
"3558095",
"3558097",5.3
"3558100",-100
"3559001",-15.4
"3559011",-9.8
"3559012",-1.9
"3559016",-7.4
"3559019",-4.1
"3559024",-13.4
"3559026",37.7
"3559031",-3.7
"3559040",-9.2
"3559042",-7.4
"3559047",-8.4
"3559048",
"3559051",22.1
"3559052",-100
"3559053",17.8
"3559060",-25.3
"3559061",-2.1
"3559062",
"3559063",15.2
"3559064",24.2
"3559065",
"3559066",-.4
"3559068",17.5
"3559069",0
"3559090",-19
"3559092",18.2
"3560001",-16
"3560004",7.7
"3560005",49.1
"3560007",
"3560008",7.1
"3560010",1.1
"3560021",-4.4
"3560024",-2.2
"3560027",-7.1
"3560032",-11
"3560034",-2.8
"3560042",-3.5
"3560046",13.4
"3560049",-11.3
"3560050",30300
"3560051",
"3560052",-14
"3560053",
"3560054",-.6
"3560055",22.5
"3560056",6.2
"3560057",25.2
"3560058",.9
"3560059",
"3560060",115
"3560061",5.9
"3560063",-.8
"3560064",-23
"3560065",-20.7
"3560066",12.6
"3560067",
"3560068",12.1
"3560069",14.6
"3560070",12
"3560071",1
"3560075",-1.3
"3560076",
"3560077",
"3560078",
"3560079",
"3560080",1.5
"3560081",
"3560082",-3.8
"3560083",34
"3560084",-11.8
"3560085",
"3560086",
"3560088",5.1
"3560089",25
"3560090",-.1
"3560091",7.2
"3560093",
"3560095",
"3560096",
"3560097",3.2
"3560098",
"3560100",
"3560102",
"3560104",6.9
"4601035",-5.8
"4601039",-2
"4601043",-8.9
"4601046",4.6
"4601051",-.4
"4601057",-5
"4601060",31.6
"4601070",14.9
"4601071",.2
"4601075",1.5
"4601078",-3.6
"4601079",
"4601082",
"4601094",-14.4
"4602025",0
"4602026",-14.4
"4602027",3.5
"4602032",3
"4602037",31
"4602041",18.2
"4602044",22.2
"4602046",43.7
"4602053",42.1
"4602057",3.9
"4602061",6
"4602069",13.2
"4602075",8.5
"4603030",-.6
"4603033",-2.6
"4603036",6
"4603038",-3.1
"4603040",10.2
"4603042",9.5
"4603047",31.2
"4603050",17.2
"4603053",18.9
"4603058",11
"4603062",5.6
"4603065",12.7
"4603067",9.4
"4603072",4.2
"4603074",8.8
"4604033",-8.8
"4604035",12.5
"4604039",11.5
"4604044",.8
"4604046",-4
"4604051",-3.3
"4604053",9.2
"4604057",-.2
"4604063",-5.9
"4604066",1.6
"4604068",6.9
"4605025",-2
"4605031",-2.8
"4605033",5
"4605037",-14.5
"4605039",0
"4605043",-14.6
"4605047",-8
"4605050",-6.1
"4605052",1.7
"4605055",-7.6
"4605058",-4.7
"4605061",-3
"4605063",3.8
"4605067",-.5
"4605070",-3.6
"4605076",-11.6
"4606015",-.9
"4606018",5.5
"4606023",2
"4606028",1.7
"4606029",-2.4
"4606030",2.2
"4606034",3.5
"4606037",-3.4
"4606040",6.3
"4607038",.5
"4607041",1.9
"4607045",2.2
"4607047",5
"4607051",-5.9
"4607053",3.7
"4607057",9.3
"4607060",7.9
"4607062",11
"4607065",-2.2
"4607068",11.1
"4607071",-2.2
"4607075",-4.4
"4607077",-.3
"4608031",-3.8
"4608033",16
"4608038",-4.6
"4608042",-2.6
"4608045",2.1
"4608048",4.6
"4608054",-3.6
"4608059",-1.5
"4608061",9.6
"4608066",-9.1
"4608069",-.4
"4608072",1
"4609017",1
"4609020",.3
"4609024",-3.9
"4609025",43.4
"4609026",70.8
"4609027",5.1
"4609029",2.1
"4610035",11.1
"4610043",-.3
"4610052",14.1
"4611040",4.8
"4611042",17.9
"4612047",8.3
"4612054",17.6
"4612056",10.7
"4613032",3.6
"4613037",13.2
"4613043",4.5
"4613047",3.4
"4613049",.6
"4613056",8.2
"4613062",
"4614015",-.9
"4614031",-1.2
"4614036",3.5
"4614039",3.7
"4614042",0
"4615018",-2.5
"4615020",10
"4615023",-1.3
"4615027",-3.9
"4615029",.2
"4615033",-10.2
"4615036",-3.9
"4615038",5.5
"4615041",-3.7
"4615042",18
"4615046",-1.5
"4615048",-7.3
"4615049",-50
"4615051",-4.2
"4615055",-5.1
"4615057",.3
"4615061",-.5
"4615064",-11.4
"4615067",26.1
"4615069",6.4
"4615071",2.1
"4615072",-100
"4615073",-3.4
"4615075",4.6
"4615078",-1.9
"4615091",-14.5
"4615093",6.8
"4615095",-6.8
"4616002",-3.9
"4616007",1.1
"4616017",8.2
"4616019",-4.8
"4616024",-5.2
"4616025",-13.3
"4616029",7.6
"4616032",5
"4616038",1
"4616045",-12
"4616046",-14.8
"4616049",-11.1
"4616052",6.1
"4617026",-12.2
"4617029",9.1
"4617034",0
"4617036",-3.1
"4617040",-2.5
"4617042",2.8
"4617045",1.7
"4617048",-5.5
"4617050",4.4
"4617053",-2.6
"4617055",6.7
"4617057",-11.8
"4617060",2.4
"4617063",-7.6
"4617067",-11.9
"4617071",-12.2
"4617073",3
"4617076",-9
"4617092",-50.5
"4618031",.8
"4618034",-.6
"4618037",-4.4
"4618040",-10.2
"4618044",.9
"4618052",-7.1
"4618055",10.2
"4618057",-8.1
"4618060",-4.4
"4618063",-10.3
"4618067",9.4
"4618068",-12.3
"4618071",.1
"4618074",12.8
"4618077",.2
"4618091",40.9
"4618093",
"4619045",-9.3
"4619050",-1
"4619051",6.4
"4619052",11.6
"4619053",1.3
"4619054",13.3
"4619056",2.7
"4619058",-31.8
"4619059",3.8
"4619060",
"4619061",-17.3
"4619062",
"4619065",63.6
"4619068",16.4
"4619069",-1.5
"4619070",11.6
"4619071",-67.8
"4619072",33
"4619075",31.9
"4619077",39.1
"4619079",10.2
"4619082",-44.4
"4620032",-18.1
"4620037",-9.9
"4620039",5
"4620041",-8.2
"4620043",1.9
"4620048",1
"4620052",-5.4
"4620055",-16.8
"4620066",-28.7
"4620069",400
"4621025",-28.9
"4621027",10
"4621029",15.4
"4621033",0
"4621034",-13.5
"4621035",33.3
"4621040",2.5
"4621043",6
"4621045",-1.4
"4621052",-7.4
"4621058",38
"4621064",-4.1
"4621071",-13.6
"4621078",-6.9
"4622017",
"4622026",-4.6
"4622046",-10.4
"4622048",46.3
"4622049",21.4
"4622050",-4.3
"4622051",10.4
"4622052",16.5
"4622055",7.2
"4622056",-7.6
"4622058",16.9
"4622059",14.5
"4622063",15.8
"4622064",21.6
"4622065",8.2
"4622067",15
"4622800",21.6
"4622801",9.1
"4623022",6
"4623025",
"4623027",87.4
"4623034",-16
"4623037",-10.5
"4623039",-83.7
"4623047",-32.5
"4623056",-11.9
"4623058",-2.7
"4623060",
"4623062",-97.1
"4623064",23.5
"4623065",78.8
"4623067",35.1
"4623071",8.5
"4701001",1.1
"4701002",16.4
"4701004",-2.1
"4701006",-8.4
"4701008",11.3
"4701011",5.1
"4701012",20
"4701014",12.8
"4701016",-3.5
"4701017",14.5
"4701018",16.3
"4701019",2.7
"4701021",4.3
"4701022",8.4
"4701024",9.6
"4701027",12.9
"4701031",-6.3
"4701032",12.5
"4701036",1.9
"4701037",11
"4701039",9.7
"4701041",23.6
"4701043",-2.6
"4701044",13.4
"4701047",5.9
"4701048",2.5
"4701049",11
"4701053",-1.4
"4701054",3.2
"4701056",14.6
"4701058",-13.1
"4701059",27.5
"4701061",-24.9
"4701063",0
"4701064",-12.5
"4701066",6.3
"4701067",100
"4701069",-2.2
"4701072",-7.9
"4701076",-8.1
"4701077",28.9
"4701078",7.3
"4701079",33
"4701091",-2.9
"4701094",-6.5
"4701096",5.2
"4701098",0
"4701808",-7.3
"4701809",29
"4701810",
"4701811",
"4701812",
"4701813",
"4701814",
"4701815",-100
"4701816",
"4701817",-82.8
"4701818",
"4701819",300
"4702001",13.4
"4702002",28.3
"4702006",4.3
"4702008",-28.6
"4702011",4.2
"4702012",0
"4702014",-3
"4702015",9.4
"4702016",0
"4702018",-14.9
"4702023",-7.1
"4702024",-2.4
"4702026",-6.1
"4702028",10
"4702029",2.9
"4702031",8.4
"4702033",1
"4702036",40
"4702037",15.2
"4702038",10.2
"4702039",21.6
"4702041",46.4
"4702042",19.2
"4702044",18
"4702047",11.1
"4702048",9.6
"4702051",-4.9
"4702052",4.4
"4702054",7
"4702057",-7.1
"4702058",21.1
"4702061",-18.6
"4702062",4.5
"4702066",-10.1
"4702067",10
"4702069",0
"4702071",16.3
"4702072",18.6
"4702073",-.3
"4702076",-.4
"4702077",0
"4702078",32.1
"4702079",42
"4702800",
"4703001",-2.9
"4703004",-7.7
"4703006",-18.4
"4703009",9.3
"4703011",.3
"4703012",25
"4703016",-34.8
"4703018",-15.7
"4703019",-11.3
"4703022",-14.9
"4703026",-11.3
"4703028",-3.7
"4703029",-8.4
"4703034",-7.4
"4703036",4.9
"4703038",-8.8
"4703041",-11.5
"4703042",-16.3
"4703044",9.7
"4703048",0
"4703051",-15.6
"4703052",-12.3
"4703054",-5.3
"4703058",13.9
"4703059",-4
"4703061",27.7
"4703062",0
"4703064",-11.6
"4703068",-7
"4703071",2.5
"4703074",-18.4
"4703092",-.9
"4703093",-.6
"4703096",-12.8
"4703801",-11.8
"4704002",-28.5
"4704003",-15.4
"4704006",-3.3
"4704008",20
"4704009",0
"4704011",14.9
"4704012",24
"4704019",-13.6
"4704021",-9.7
"4704024",-7.7
"4704026",11.9
"4704028",-37.7
"4704029",-2.5
"4704034",-6.9
"4704036",3.8
"4704038",-16.5
"4704045",-1.1
"4704048",-1
"4704050",-17.3
"4704054",-2.2
"4704056",200
"4704058",5.9
"4704061",15.8
"4704802",-26.3
"4705001",-1.8
"4705002",10.7
"4705004",9.9
"4705006",-4.9
"4705007",-1.8
"4705009",7.1
"4705011",3.8
"4705014",-4.1
"4705016",8
"4705018",-3.4
"4705019",10.8
"4705021",-3.8
"4705024",10.5
"4705027",-7.5
"4705028",-1.6
"4705029",10.8
"4705031",-6.1
"4705033",-10.8
"4705034",9.3
"4705037",-3.8
"4705038",-1.4
"4705041",.3
"4705042",0
"4705043",1.5
"4705044",-8.1
"4705047",2.5
"4705048",9.5
"4705049",-26.4
"4705050",-34.6
"4705051",5.8
"4705052",5.8
"4705053",-100
"4705054",-8
"4705055",17
"4705056",5.6
"4705057",-8.7
"4705058",27.3
"4705059",2.8
"4705060",-75.6
"4705061",0
"4705062",-3.9
"4705063",-12.2
"4705064",-3.2
"4705066",7.5
"4705067",1.4
"4705068",0
"4705069",-10
"4705071",14.3
"4705073",.9
"4705074",8.9
"4705077",-9.8
"4705078",1.5
"4705079",10.6
"4705093",-.9
"4705094",5.5
"4705096",-18.8
"4705803",31
"4705804",3.4
"4705805",84
"4705806",20.5
"4705807",450
"4705808",18.2
"4705814",
"4705818",
"4705821",
"4705822",
"4705823",
"4705824",
"4705825",
"4705826",
"4706001",-3
"4706002",15.3
"4706003",30.5
"4706004",.6
"4706006",18.9
"4706007",3.6
"4706008",5.6
"4706009",18.9
"4706011",1.6
"4706013",-3.3
"4706014",52.7
"4706016",2
"4706017",13.3
"4706018",-5.1
"4706019",0
"4706021",-3.9
"4706022",3.1
"4706023",4.9
"4706026",-10.6
"4706027",7.7
"4706028",31.3
"4706029",15.6
"4706030",70.2
"4706031",-1.3
"4706032",17.4
"4706033",-1.7
"4706034",19.2
"4706036",7.1
"4706037",10.5
"4706038",6.7
"4706039",11.1
"4706041",22.4
"4706042",3.2
"4706045",-13
"4706046",-.5
"4706047",3.2
"4706048",-14.6
"4706049",7.4
"4706050",41.4
"4706051",6
"4706052",-9.2
"4706053",7.5
"4706054",79
"4706055",6.9
"4706056",7.1
"4706057",-12.5
"4706058",-10.7
"4706059",-5.2
"4706060",-41.7
"4706061",8.4
"4706062",2
"4706063",-6.3
"4706064",-18.5
"4706065",-33.8
"4706067",-2.3
"4706068",-3.8
"4706069",-28.6
"4706070",7
"4706071",1.6
"4706072",37.4
"4706073",-1.9
"4706074",2.7
"4706075",-24.1
"4706076",-3.8
"4706077",4.4
"4706078",-14.6
"4706079",-9.5
"4706080",-11
"4706081",-27.9
"4706082",-34.8
"4706085",-26.1
"4706091",10.4
"4706092",9.4
"4706093",22
"4706094",2.3
"4706096",-.7
"4706097",10.1
"4706098",8.8
"4706099",-10.2
"4706809",3.6
"4706810",.3
"4706811",46
"4706812",15.7
"4706813",25.9
"4706814",3.1
"4706815",20.9
"4706816",1.8
"4706818",3.1
"4706820",19.8
"4706828",
"4706829",
"4707001",8.4
"4707004",-6.6
"4707006",-12.2
"4707008",-25
"4707011",.4
"4707012",0
"4707014",21.9
"4707016",21.1
"4707018",14.3
"4707020",-31
"4707021",16.2
"4707022",1
"4707023",30
"4707024",-7.8
"4707026",2.3
"4707027",1.7
"4707028",-14.3
"4707029",6.5
"4707031",-7.2
"4707032",-9.1
"4707034",13.8
"4707036",3.2
"4707037",16.2
"4707038",-6.6
"4707039",3.6
"4707042",-37.6
"4707043",3.4
"4707044",29.6
"4707045",-64.1
"4707046",-100
"4707047",-6.1
"4707048",0
"4707049",3
"4707051",-54.3
"4707053",-10.3
"4707054",-1.9
"4707058",-9.7
"4707059",-2.7
"4707062",-1.6
"4707063",3.5
"4707066",-7.3
"4707067",-10.3
"4707068",33.3
"4707071",-10.2
"4707072",-5.8
"4707074",17.9
"4707076",-15.9
"4707077",-12.4
"4707091",3.8
"4707092",11
"4707093",-77.8
"4708001",28
"4708004",3.7
"4708006",-4.1
"4708008",31.8
"4708009",-9
"4708011",2.5
"4708012",-1.7
"4708016",-18.7
"4708018",0
"4708021",-12.5
"4708022",-3.1
"4708024",-6.3
"4708026",-11.9
"4708028",-5.6
"4708029",11.8
"4708031",-4.1
"4708032",-9.1
"4708034",.8
"4708036",0
"4708038",-3.8
"4708039",-24
"4708042",-6.7
"4708044",3.3
"4708046",-18.3
"4708047",0
"4708048",-11.5
"4708049",-6.2
"4708053",-7.5
"4708054",-2
"4708056",-4.4
"4708057",-1.6
"4708058",-6.8
"4708059",0
"4708061",4.7
"4708062",-4.4
"4708065",-1
"4708068",13.1
"4708071",10.8
"4708074",5.9
"4708076",6.2
"4708092",3.3
"4708094",5.3
"4709001",-23.9
"4709002",21.3
"4709006",-3.5
"4709009",-1.9
"4709011",6.4
"4709012",4.2
"4709014",25.9
"4709016",4.1
"4709019",-3.3
"4709023",-12.9
"4709024",7.4
"4709028",1.8
"4709029",-8.6
"4709032",10.2
"4709033",-1.3
"4709037",5.3
"4709038",-13
"4709039",6.5
"4709042",-8.9
"4709044",-1.4
"4709046",5
"4709049",-6.7
"4709053",0
"4709054",-11.9
"4709056",0
"4709058",-5.7
"4709060",-16.4
"4709061",11.7
"4709062",-10.5
"4709064",1.9
"4709065",-20.3
"4709066",7.8
"4709067",-11.2
"4709069",-13.2
"4709071",2.7
"4709072",5.6
"4709075",-12.4
"4709076",0
"4709819",24.7
"4709820",-15.4
"4709821",-23.5
"4709822",
"4709824",
"4709826",
"4709828",
"4709830",
"4709832",
"4710002",7
"4710003",-4
"4710004",14.3
"4710008",-7.2
"4710009",-16
"4710011",-11.9
"4710012",-9.4
"4710014",-7
"4710022",4.6
"4710024",-10.4
"4710027",-2.2
"4710028",2.8
"4710029",-11.2
"4710031",-18.6
"4710034",-58.3
"4710035",-23.3
"4710036",-1
"4710038",2.2
"4710041",-13.8
"4710043",-12.7
"4710046",-7.6
"4710047",1.3
"4710051",50
"4710052",-11.3
"4710054",-10
"4710056",-9.9
"4710058",3.6
"4710061",-12.8
"4710062",8.1
"4710064",-1
"4710066",-14.5
"4710068",-.7
"4710071",-14.8
"4710072",11.1
"4710822",24.2
"4710823",17.4
"4710824",-7.7
"4710825",13.7
"4710826",28.3
"4710828",
"4710832",
"4710834",
"4710836",
"4710838",
"4710840",200
"4710842",
"4710843",
"4710844",
"4710845",
"4710846",
"4710847",100
"4710848",
"4710849",
"4710850",
"4710851",
"4710852",
"4710854",
"4711002",3.2
"4711003",-26.2
"4711004",-6.9
"4711006",-15.6
"4711007",100
"4711008",8.7
"4711009",20.5
"4711011",3.8
"4711014",7
"4711016",-3.5
"4711018",-1.1
"4711019",6.8
"4711021",-5.3
"4711022",-14.9
"4711024",-33.3
"4711026",14.3
"4711027",13.7
"4711028",-7.8
"4711029",-31.4
"4711031",13.2
"4711032",12.5
"4711034",-11.3
"4711036",10
"4711038",-14.3
"4711039",-25.2
"4711041",11
"4711042",-14.3
"4711044",-1.7
"4711046",-3.4
"4711048",-12.9
"4711049",12.7
"4711052",-8.9
"4711053",6.5
"4711054",10.3
"4711056",-9.1
"4711058",16.7
"4711059",11.2
"4711060",.6
"4711061",81.6
"4711063",7.1
"4711064",27.9
"4711065",1.1
"4711066",9.8
"4711067",15.2
"4711068",48.5
"4711069",12.5
"4711070",55
"4711071",26.4
"4711072",2.7
"4711073",9.1
"4711074",-2.2
"4711075",17.5
"4711076",-12.7
"4711077",10.3
"4711078",20
"4711079",11.8
"4711091",-3.9
"4711092",.4
"4711094",0
"4711096",-3.3
"4711828",49.4
"4712001",-.3
"4712004",-8.6
"4712006",1.8
"4712008",-11.1
"4712011",31.6
"4712012",5.2
"4712014",-8.3
"4712016",18.2
"4712019",-16.7
"4712020",-16.1
"4712022",5.4
"4712026",9.9
"4712029",14.9
"4712031",25
"4712032",13.9
"4712034",-9.3
"4712038",-8.3
"4712042",-7
"4712046",6.3
"4712050",7.2
"4712051",-.5
"4712052",28.6
"4712054",3.2
"4712056",8.6
"4712058",11.2
"4712059",4.7
"4712064",5.1
"4712069",-27.2
"4712072",-13.9
"4712078",4.4
"4712079",10.3
"4712829",-8.1
"4712830",17.6
"4712832",-33.1
"4712833",19.7
"4712837",
"4713002",10.4
"4713004",-16.7
"4713006",-5.3
"4713008",6
"4713009",5.4
"4713011",.6
"4713014",-7.8
"4713016",-.7
"4713019",-6.6
"4713021",-9
"4713022",20
"4713024",-11
"4713026",25.4
"4713028",9.5
"4713029",2.4
"4713031",4
"4713032",-10.5
"4713033",100
"4713038",-2.2
"4713039",-8.3
"4713041",-10
"4713042",6
"4713044",-.9
"4713046",-8.8
"4713049",-5.5
"4713051",9.7
"4713053",-10
"4713054",-4.9
"4713056",-14.8
"4713059",1.7
"4713062",-17.6
"4713064",-20.6
"4713067",16.8
"4713068",-3.6
"4713069",6.5
"4713072",1.7
"4713074",11.3
"4713076",-13.3
"4713078",2.2
"4713079",-7.3
"4713091",21.4
"4713092",6.2
"4713094",13.7
"4713096",-12.4
"4713098",-2.8
"4713835",30.1
"4713836",17
"4714001",-17.4
"4714004",-10.3
"4714006",-13.6
"4714007",9.2
"4714009",-23.6
"4714021",-2.9
"4714022",-.2
"4714023",-14.7
"4714024",-12.4
"4714025",0
"4714026",5.2
"4714028",2.1
"4714030",-10.6
"4714032",-.6
"4714034",-13.5
"4714035",.7
"4714036",8.1
"4714038",-9.7
"4714039",-18
"4714041",-1
"4714043",-.3
"4714044",6
"4714047",-2.7
"4714048",-25
"4714049",7.5
"4714051",7.4
"4714053",-3.6
"4714056",-4.1
"4714058",21.2
"4714059",5.6
"4714061",-2.6
"4714062",-.9
"4714067",4.1
"4714068",3.4
"4714069",6.3
"4714072",-10.5
"4714073",-22.8
"4714074",-7.2
"4714076",4.6
"4714077",-5.8
"4714079",4.6
"4714091",18.2
"4714092",10.1
"4714093",-1.1
"4714839",14.1
"4714840",1.6
"4714841",30.2
"4714842",34.7
"4714845",39
"4714846",
"4715001",-12.3
"4715002",8.8
"4715003",-3.9
"4715004",23.4
"4715005",.5
"4715006",-2.9
"4715007",5.1
"4715008",13.6
"4715011",-2.4
"4715012",16
"4715014",4.7
"4715016",3
"4715017",9.6
"4715018",32.8
"4715019",13.7
"4715026",9.2
"4715027",6
"4715028",19.2
"4715029",38.6
"4715031",9.5
"4715032",13.7
"4715034",24.2
"4715036",-1
"4715038",0
"4715039",-12.2
"4715041",4.3
"4715042",14
"4715043",-14.3
"4715044",-5.9
"4715045",-12.2
"4715046",5.1
"4715047",-12.6
"4715048",4.5
"4715049",19.9
"4715051",2
"4715052",3.3
"4715054",5.9
"4715057",-14.2
"4715059",4.2
"4715061",11
"4715062",-4.6
"4715064",22.2
"4715066",2.9
"4715067",-5.4
"4715068",13.8
"4715070",-3.4
"4715071",-25.5
"4715072",-4.4
"4715074",15.6
"4715075",-15.2
"4715076",23.7
"4715079",1.3
"4715085",27.3
"4715091",-9.6
"4715092",14.5
"4715094",6.7
"4715098",30.4
"4715099",-1
"4715844",76.7
"4715845",13.9
"4715846",
"4715847",24.4
"4715848",8.9
"4715849",-4.8
"4715850",31.9
"4715851",-8.2
"4715853",12.8
"4715857",
"4715859",480
"4715861",
"4715862",0
"4716002",24.6
"4716003",0
"4716004",12.3
"4716005",-1.3
"4716008",9
"4716009",20
"4716011",9.9
"4716013",-4.6
"4716014",-6.5
"4716016",8.1
"4716018",-17.5
"4716019",-40
"4716022",10.3
"4716023",-13.6
"4716024",-12.2
"4716026",20
"4716027",7.2
"4716028",-.5
"4716029",5.3
"4716033",-14.7
"4716034",12.4
"4716038",-12.4
"4716041",-8.4
"4716042",-1.2
"4716043",22.2
"4716044",-3.1
"4716046",-5.4
"4716047",16.5
"4716051",-7.2
"4716052",-8.6
"4716053",-67.8
"4716054",2.9
"4716056",8.2
"4716057",-34.9
"4716058",.5
"4716059",0
"4716060",-50.6
"4716061",7.3
"4716062",-2.1
"4716063",-18.9
"4716072",-12.2
"4716075",.5
"4716077",-23.7
"4716854",49.5
"4716855",-17.9
"4716856",9.8
"4716857",
"4716858",13.8
"4716860",23
"4716861",-32
"4716862",4.4
"4716863",-8.2
"4716870",
"4716872",100
"4716880",-100
"4716882",-100
"4716886",
"4716888",
"4716890",
"4716891",-100
"4716892",
"4716894",
"4717001",-4.9
"4717002",-41.3
"4717004",0
"4717005",-31.7
"4717006",3.4
"4717008",.8
"4717011",11.3
"4717013",5.5
"4717014",0
"4717017",.1
"4717018",11.5
"4717019",6.9
"4717022",1.4
"4717024",5.8
"4717026",-12.3
"4717028",15.5
"4717029",20.4
"4717032",17.6
"4717034",6.6
"4717036",6.5
"4717039",10.3
"4717041",13.9
"4717042",-33.3
"4717045",-8
"4717047",-11.3
"4717048",7.6
"4717052",5.7
"4717053",15
"4717054",1.9
"4717055",15.7
"4717056",-11
"4717057",1
"4717058",2.6
"4717062",-8.2
"4717066",11.1
"4717067",10.6
"4717801",49.1
"4717802",5.1
"4717803",-3.3
"4717804",34.4
"4717805",-18.3
"4717806",-7.8
"4717807",13.1
"4717808",
"4717809",53.5
"4717810",11.1
"4717811",
"4717812",60.9
"4717813",4.4
"4717815",
"4717816",12.5
"4717819",-50
"4717820",
"4717825",
"4718005",-4.7
"4718012",-33.1
"4718015",36.4
"4718021",15.8
"4718023",-6.7
"4718028",47.4
"4718030",3.3
"4718033",-6.2
"4718041",-15.4
"4718042",1.1
"4718049",-14.8
"4718051",-.3
"4718052",-5.4
"4718055",31.9
"4718058",4.9
"4718062",680
"4718065",-9.1
"4718067",1.8
"4718069",-23.8
"4718070",6.7
"4718071",426.3
"4718072",-16.5
"4718074",11.2
"4718075",-100
"4718090",39
"4718100",-4.7
"4718801",20.2
"4718802",13.5
"4718803",11.4
"4718807",-17.3
"4718808",52.2
"4718809",24.8
"4718810",
"4718811",37.9
"4718812",-4
"4718813",
"4718814",-8.4
"4718817",-12.9
"4718818",3.1
"4718819",1.5
"4718820",42.5
"4718821",-7.6
"4718822",-.7
"4718823",-100
"4718824",9.1
"4718825",-22.7
"4718828",-3.5
"4718829",26.7
"4718831",5.3
"4718832",26.6
"4718833",
"4718839",18.2
"4718844",-100
"4718846",
"4718847",
"4718849",-100
"4718852",45.4
"4718854",-29.8
"4801003",7.5
"4801006",5.3
"4801008",-2.3
"4801009",.4
"4801014",13.1
"4801018",9.2
"4802001",5.1
"4802002",-9.2
"4802004",-.6
"4802006",7.8
"4802008",16.1
"4802009",18.3
"4802011",-1.9
"4802012",11.8
"4802013",28.9
"4802014",45.1
"4802016",14.1
"4802018",3.6
"4802019",21.3
"4802021",9.2
"4802022",6.8
"4802023",24.8
"4802029",20.5
"4802031",-1
"4802032",-7.6
"4802034",9.3
"4802036",1.4
"4802038",-11.9
"4802039",-4.7
"4803001",3.2
"4803002",6.5
"4803003",-45
"4803004",3.7
"4803006",2.5
"4803008",-3.1
"4803011",-4.6
"4803014",1.7
"4803016",7.8
"4803018",-4.3
"4803019",1.5
"4803021",7.7
"4803022",1.6
"4803024",16.1
"4803026",3.7
"4803801",-6.4
"4803802",12
"4803803",
"4804001",-9.2
"4804004",-2.4
"4804006",38.2
"4804011",-6.1
"4804012",-11.4
"4804014",-4.1
"4804016",6.3
"4804019",4.7
"4804020",-2.7
"4804021",-15
"4804022",-6.8
"4805001",4.2
"4805002",9.2
"4805004",3.8
"4805006",-5.4
"4805008",-1.1
"4805009",22
"4805011",-14.9
"4805012",2.2
"4805018",19.7
"4805019",-5.9
"4805021",-.3
"4805022",-6.9
"4805026",1.2
"4805031",-13.2
"4805034",-10.1
"4805036",-6
"4805038",-3.2
"4805041",-5.7
"4805042",3.9
"4805044",-.5
"4805046",9.8
"4805048",3.5
"4805049",6.7
"4805802",7.4
"4806001",7.7
"4806006",20.6
"4806008",2.3
"4806009",13.6
"4806011",24.9
"4806012",42.9
"4806014",9.9
"4806016",10.9
"4806017",49.4
"4806019",27.8
"4806021",47.1
"4806022",-6.5
"4806024",-2.4
"4806026",6.9
"4806028",.4
"4806029",27.5
"4806031",-1.3
"4806032",15.1
"4806034",13.5
"4806036",3.4
"4806803",58.6
"4806804",
"4807001",-10.2
"4807002",-1.5
"4807004",-4.6
"4807006",-.4
"4807008",20.3
"4807011",-4.6
"4807012",-6.7
"4807014",.1
"4807016",7.1
"4807019",-1.9
"4807021",3.7
"4807022",-28.6
"4807024",-5.4
"4807026",5.6
"4807027",-24.2
"4807028",27.3
"4807029",15.6
"4807031",-7.5
"4807032",10.1
"4807034",-11.2
"4807036",-7.2
"4807038",-1.3
"4807039",-1.3
"4807041",-9.5
"4807042",-3.7
"4807044",-3.8
"4807046",7.4
"4807048",-15.9
"4807049",16.3
"4807051",8.4
"4807052",-15
"4807054",9.2
"4807056",2.9
"4808001",-1.6
"4808002",11.8
"4808004",8.5
"4808005",10.9
"4808006",2.6
"4808008",7.4
"4808009",20.5
"4808011",8.9
"4808012",20.3
"4808013",-14.1
"4808022",-.8
"4808023",-10.4
"4808024",18.3
"4808025",18.8
"4808026",-.9
"4808027",-49.6
"4808028",-40.2
"4808029",36.4
"4808031",8.9
"4808032",20.1
"4808034",-2.5
"4808038",2.5
"4808039",3
"4808042",-8.1
"4808044",5.6
"4808811",13.7
"4808812",18.8
"4808813",2.8
"4809002",3.8
"4809005",-62.8
"4809010",-2.7
"4809015",.9
"4809806",66.9
"4809809",40.5
"4809810",-16.8
"4810001",8
"4810002",9.7
"4810003",0
"4810004",18.3
"4810006",8.4
"4810008",-12.4
"4810009",9.8
"4810011",10.6
"4810012",-.4
"4810014",17.4
"4810016",.2
"4810018",16.3
"4810019",8.5
"4810021",-4.3
"4810022",-4.1
"4810026",-1.2
"4810028",3.6
"4810031",-5.6
"4810032",61.5
"4810034",2.7
"4810036",5.9
"4810038",-4.9
"4810039",13.3
"4810041",19.3
"4810042",-2.6
"4810044",17.5
"4810046",2.6
"4810048",8.3
"4810051",2.2
"4810052",31.7
"4810056",-6.8
"4810058",-.8
"4810059",-18.5
"4810061",20.1
"4810062",12.3
"4810064",5
"4810066",-4.9
"4810068",-52.4
"4810805",16.1
"4811001",3.3
"4811002",7.2
"4811003",-71.2
"4811004",-15
"4811005",-4.8
"4811006",-19.6
"4811007",15
"4811008",-27.1
"4811009",10.6
"4811011",1.2
"4811012",3.1
"4811013",48.2
"4811016",43.1
"4811018",4
"4811019",.6
"4811020",-19.6
"4811021",-15.7
"4811022",-42.9
"4811023",-31.9
"4811024",27.1
"4811026",-9.8
"4811031",2.3
"4811032",2.3
"4811034",4.6
"4811038",-29.6
"4811039",-33.3
"4811041",0
"4811042",-27.8
"4811044",-74.4
"4811045",10
"4811046",6.4
"4811048",21.7
"4811049",33.9
"4811052",12.1
"4811056",27.4
"4811059",5.5
"4811061",11.2
"4811062",6.4
"4811064",14.7
"4811065",-13
"4811066",-3
"4811068",26.5
"4811069",2.8
"4811801",28
"4811802",37.4
"4811803",10.9
"4811804",-30.4
"4811805",6.8
"4811806",-1.7
"4811807",-15
"4812002",15.4
"4812004",9.8
"4812009",6.6
"4812011",-2.1
"4812012",15.4
"4812013",14.9
"4812014",-1.6
"4812016",-5
"4812018",5.8
"4812020",-82.7
"4812022",16.5
"4812024",-9.1
"4812026",-8.3
"4812029",1.2
"4812037",-7.9
"4812802",8.5
"4812804",17.8
"4812806",
"4812808",-4
"4812810",35.6
"4812811",5.8
"4812813",-8.2
"4812815",41.9
"4812828",11.6
"4812840",-3.6
"4813001",3.8
"4813002",-5.2
"4813003",-59.1
"4813005",-13.3
"4813006",-28.4
"4813007",-27.1
"4813008",-30.8
"4813009",-13.6
"4813010",-50.9
"4813011",-8.7
"4813012",-2.1
"4813013",18.4
"4813014",18.7
"4813015",-69.6
"4813016",-6.7
"4813017",-12.4
"4813018",4.3
"4813019",5.3
"4813028",10.6
"4813029",3.6
"4813030",7.1
"4813031",-3.7
"4813032",7
"4813033",-32.1
"4813036",-3.7
"4813044",1.2
"4813045",-52.7
"4813046",7.3
"4813047",-50
"4813048",15.9
"4813049",-30.8
"4813051",-31.4
"4813053",-19.1
"4813055",-24.6
"4813057",-50
"4813061",-13.6
"4813811",11.3
"4814003",4.2
"4814019",-1
"4814024",4.7
"4814028",
"4815007",-3.2
"4815013",-42
"4815015",6.1
"4815023",2.1
"4815027",3.8
"4815030",-14.3
"4815032",25.3
"4815033",-5
"4815035",13.2
"4815037",41.7
"4815045",-8.1
"4815802",38.2
"4816037",27.3
"4816051",39.8
"4816817",8.9
"4816821",238.3
"4816822",-100
"4816831",
"4816849",
"4816850",35.5
"4816852",22
"4816855",
"4816856",
"4816857",
"4816858",
"4816859",7.9
"4816860",100
"4816861",
"4817021",-6.6
"4817024",-10.9
"4817026",2.5
"4817027",-1.3
"4817029",1.2
"4817031",8
"4817033",3.9
"4817039",.6
"4817062",3.2
"4817064",-11.6
"4817076",9.1
"4817078",-22
"4817093",-6.3
"4817095",9.2
"4817097",-9.8
"4817817",18.7
"4817818",94.9
"4817819",13.9
"4817821",15.7
"4817822",5.2
"4817823",2.5
"4817824",-18.1
"4817825",
"4817827",17.5
"4817828",11.1
"4817829",14
"4817830",
"4817831",2.3
"4817832",6.7
"4817833",100
"4817835",7
"4817836",-19.6
"4817837",9.6
"4817838",.5
"4817840",32.5
"4817841",6.7
"4817842",19.7
"4817843",17.5
"4817845",-.2
"4817848",23
"4817849",1
"4817852",
"4817853",
"4817854",
"4817855",65.4
"4817856",60.8
"4817857",22.2
"4817858",
"4817859",36.6
"4817860",20.2
"4818002",-13.6
"4818005",14.2
"4818015",-3
"4818018",2.1
"4818816",10.6
"4818818",14.3
"4819006",13.5
"4819008",-.1
"4819009",4.5
"4819011",-4.2
"4819012",16.8
"4819014",22.8
"4819038",6.8
"4819041",-12.9
"4819042",-1.8
"4819044",4.1
"4819046",14.2
"4819048",-5.7
"4819049",7.6
"4819054",7.7
"4819056",-1.6
"4819058",-10.7
"4819059",-6.9
"4819066",16.8
"4819068",-4.1
"4819071",-9.6
"4819072",1.9
"4819074",-.9
"4819815",20
"4819826",60.8
"5901003",2.4
"5901006",1.4
"5901012",5.5
"5901017",1.4
"5901019",-4
"5901022",5.4
"5901028",8.4
"5901035",-1.6
"5901037",-5.6
"5901039",-1.6
"5901040",5.7
"5901043",2.1
"5901046",-10.3
"5901048",-9.7
"5901801",-14.9
"5901802",
"5901803",-34.6
"5901804",-14.4
"5901805",0
"5901806",73.4
"5903004",9.9
"5903010",-.5
"5903011",13.1
"5903013",-2.4
"5903015",10.5
"5903017",6.9
"5903019",-5.7
"5903023",-4.3
"5903027",5.4
"5903032",-1.6
"5903039",-7.3
"5903041",1.7
"5903043",6.6
"5903045",7.7
"5903047",-.5
"5903050",3
"5903052",-.7
"5903056",6.4
"5903058",7.3
"5903060",-2.3
"5903807",-8.9
"5905005",3.3
"5905009",1.8
"5905014",6.1
"5905018",-1.7
"5905023",8.5
"5905026",-7.2
"5905030",-1.6
"5905032",-1.3
"5905037",8.5
"5905042",13.3
"5905050",-3.1
"5905052",.3
"5905054",-11.8
"5907005",2
"5907009",3.2
"5907014",9.8
"5907022",-1.5
"5907024",-2
"5907026",5.4
"5907028",-10.4
"5907035",4.2
"5907041",3
"5907047",-3.3
"5907049",-8.3
"5907051",4.4
"5907053",.3
"5907055",-16
"5907801",6.4
"5907802",4.8
"5907803",13.4
"5907805",29.6
"5907806",19
"5907807",18.8
"5907808",400
"5907809",92.1
"5909009",-3.5
"5909014",-7.5
"5909016",-9.4
"5909020",12.6
"5909027",-6.7
"5909032",19.5
"5909034",3.9
"5909036",-3.5
"5909048",2.2
"5909052",7.4
"5909056",5.6
"5909060",-2.7
"5909062",-7.8
"5909804",-4.7
"5909805",-100
"5909806",0
"5909807",-13.5
"5909808",0
"5909809",
"5909810",5
"5909812",-4.3
"5909814",-100
"5909815",
"5909816",60
"5909817",5.9
"5909818",0
"5909819",20.5
"5909821",-2.6
"5909824",-6.1
"5909825",0
"5909826",10.1
"5909827",-11.4
"5909830",23.5
"5909831",5.4
"5909832",8.4
"5909833",0
"5909834",60
"5909835",20
"5909836",
"5909837",8.8
"5909838",100
"5909839",-4.1
"5909841",-11.1
"5909842",0
"5909843",-37.2
"5909844",-66.7
"5909845",30.6
"5909847",
"5909848",-23.5
"5909849",
"5909852",-100
"5909875",18.3
"5909876",0
"5909877",2.7
"5909878",8
"5909879",18.8
"5909880",-13.6
"5909881",-3.9
"5909882",11.3
"5909883",
"5909884",24.6
"5909885",-29.8
"5915001",11.2
"5915002",6.2
"5915004",18.6
"5915007",3.1
"5915011",3.3
"5915015",9.2
"5915020",18
"5915022",4.4
"5915025",10.1
"5915029",12.7
"5915034",10.4
"5915036",-4.7
"5915038",17.2
"5915039",6.9
"5915043",19.9
"5915046",2.2
"5915051",6.7
"5915055",1.3
"5915062",1.2
"5915065",-.8
"5915070",13.5
"5915075",10.3
"5915801",-.9
"5915802",-5.5
"5915803",14.4
"5915804",0
"5915805",62.5
"5915806",4.8
"5915807",.9
"5915808",8.3
"5915809",-100
"5915810",0
"5915811",42.7
"5915813",-100
"5915816",7.9
"5915825",16.9
"5915830",-6.9
"5915835",
"5915840",
"5917005",2.5
"5917010",-1.2
"5917015",1.2
"5917021",1.4
"5917027",6.2
"5917029",-4.6
"5917030",.6
"5917034",2.5
"5917040",-3.7
"5917041",9.6
"5917042",.2
"5917044",30.1
"5917047",7
"5917049",11.4
"5917052",17.9
"5917054",-1.8
"5917056",-23.9
"5917801",24.8
"5917802",4.5
"5917803",4.4
"5917804",43.3
"5917805",
"5917809",131.4
"5917811",
"5917812",2.1
"5917815",-5
"5917819",2.3
"5919008",4.5
"5919012",-1.1
"5919013",5.2
"5919015",-1.2
"5919016",-1.3
"5919017",2.8
"5919021",5.1
"5919033",-2.1
"5919035",-5.1
"5919043",7.9
"5919046",7.5
"5919049",5.9
"5919051",-.6
"5919801",5.3
"5919802",-7
"5919803",20.5
"5919804",-.1
"5919808",-100
"5919809",23.5
"5919811",
"5919812",120
"5919814",-18.6
"5919815",13.3
"5919816",0
"5919817",
"5919818",-24.4
"5919820",173.3
"5919821",0
"5919822",30.1
"5921007",6.5
"5921008",-1.6
"5921010",2.3
"5921014",-.1
"5921016",13
"5921018",9
"5921023",2.2
"5921030",3.9
"5921032",11.1
"5921034",1.9
"5921036",1
"5921804",35.1
"5921805",6.8
"5921806",-5.8
"5921807",2.9
"5923008",1.1
"5923019",9.4
"5923025",13.4
"5923033",-4.2
"5923035",-16.1
"5923037",2.2
"5923039",1.8
"5923047",-36.6
"5923049",8
"5923801",8.1
"5923802",100
"5923803",-23.2
"5923804",-100
"5923805",-29.6
"5923806",-50
"5923807",20
"5923808",5.1
"5923809",100
"5923810",15.8
"5923813",-10.3
"5923814",
"5923816",37.4
"5923822",0
"5923823",10
"5923824",-30.1
"5923825",-100
"5924025",-7
"5924029",-33.9
"5924030",-13.7
"5924034",5.5
"5924039",-7
"5924042",-6.7
"5924048",-2.7
"5924052",-3.4
"5924054",5.2
"5924803",
"5924804",11.3
"5924805",-100
"5924806",0
"5924812",18.3
"5924813",
"5924814",100
"5924817",-18.3
"5924818",-100
"5924820",-36.5
"5924833",-44.4
"5924835",5.9
"5924836",-11.4
"5924840",-7.7
"5926005",10
"5926010",9.4
"5926014",23
"5926021",-1.1
"5926022",-.4
"5926024",2.8
"5926801",-7.7
"5926802",
"5927008",1.6
"5927010",10.3
"5927012",-.1
"5927016",-2.9
"5927018",-4.9
"5927020",18.7
"5927802",7
"5927806",29.4
"5929005",6.1
"5929011",9.9
"5929018",2.1
"5929022",4.6
"5929024",-1.9
"5929026",-2
"5929028",-9.8
"5929801",-100
"5929803",-3.6
"5931006",14.8
"5931012",8.1
"5931017",-4.4
"5931020",6.2
"5931021",-.4
"5931026",-.1
"5931032",8.2
"5931034",-37.6
"5931801",-31.7
"5931802",8.8
"5931806",-1.9
"5931807",1
"5931808",7.8
"5931809",15
"5931812",-5.2
"5931813",13.5
"5931814",3.8
"5931815",37.3
"5931816",-21.2
"5931817",100
"5931818",
"5931819",-100
"5931820",200
"5931821",13.8
"5931822",0
"5931823",-34.7
"5931824",0
"5931826",0
"5931827",
"5931828",-23.1
"5931829",-8.9
"5931831",-1.8
"5931832",0
"5931833",-51
"5931842",
"5931843",10.6
"5931844",67.8
"5933006",1.6
"5933008",1.4
"5933012",-10.7
"5933015",-3
"5933019",-2.2
"5933024",.3
"5933028",6.4
"5933032",-22.4
"5933035",-4.1
"5933037",-1.2
"5933039",-3
"5933042",6.6
"5933044",-1
"5933045",-12.9
"5933054",3.6
"5933060",2.3
"5933067",4.8
"5933068",-8.1
"5933070",5.2
"5933072",-13.6
"5933074",23.8
"5933801",37.4
"5933802",-22.5
"5933803",
"5933805",0
"5933806",-5.9
"5933807",24.8
"5933808",5.8
"5933809",5.9
"5933810",
"5933811",0
"5933812",8.7
"5933813",0
"5933814",70.2
"5933817",-1.9
"5933819",
"5933821",-100
"5933823",-48.7
"5933824",
"5933825",2.5
"5933828",0
"5933829",-13.3
"5933830",
"5933831",0
"5933832",-16.3
"5933833",7
"5933834",-7.1
"5933836",8
"5933837",
"5933838",15
"5933839",-100
"5933840",
"5933841",-88.9
"5933842",-100
"5933844",52
"5933845",320
"5933846",
"5933848",100
"5933849",1.9
"5933850",-20
"5933851",30.6
"5933852",-50
"5933853",8.5
"5933854",
"5933855",7.4
"5933857",
"5933858",100
"5933859",27.9
"5933861",
"5933865",-68.8
"5933866",0
"5933868",
"5933870",
"5933872",9.7
"5933873",316.7
"5933874",-100
"5933875",-27.5
"5933876",-37.5
"5933877",-6.3
"5933878",100
"5933879",66.7
"5933880",44.3
"5933881",-100
"5933882",-75.8
"5933884",3.2
"5933886",
"5933887",6.8
"5933888",-16.7
"5933889",100
"5933895",
"5933896",
"5933897",
"5935010",9.6
"5935012",4
"5935016",21.9
"5935018",6.5
"5935020",10.8
"5935029",13.5
"5935801",-.3
"5935802",13.7
"5935803",14.5
"5937005",5.9
"5937010",8.9
"5937014",6
"5937017",-5.1
"5937021",-1
"5937022",.4
"5937023",.5
"5937024",1.9
"5937028",13.5
"5937033",3.7
"5937041",-3.7
"5937801",18.8
"5937802",10.5
"5937803",-8.4
"5937805",0
"5939007",-2.9
"5939011",-1
"5939019",-1.3
"5939023",-21.8
"5939032",9.1
"5939037",-.4
"5939039",3.8
"5939043",-12.6
"5939044",-13.3
"5939045",-8.8
"5939801",-34.6
"5939802",-64.4
"5939803",13.6
"5939804",-25
"5939805",25.8
"5939806",-15.1
"5939807",26.7
"5939808",42.9
"5939811",-.8
"5941005",.1
"5941009",.8
"5941010",-2.8
"5941012",-4.8
"5941013",7.3
"5941014",4.1
"5941015",-.4
"5941016",-10
"5941017",-3.2
"5941019",6.7
"5941021",3.8
"5941025",3.8
"5941026",5.2
"5941027",-9
"5941039",-25.7
"5941041",-10.5
"5941801",-2.8
"5941802",-7.8
"5941803",
"5941804",-100
"5941805",-15.9
"5941806",-26.6
"5941807",-37.5
"5941808",47.5
"5941809",-43
"5941810",-29.8
"5941811",33.3
"5941812",-4.2
"5941813",-50
"5941817",
"5941818",
"5941819",
"5941820",
"5941821",-9.7
"5941827",
"5941828",760
"5941829",-100
"5941831",-50
"5941833",21.9
"5941834",
"5941835",
"5941837",12.8
"5941838",
"5941839",13.5
"5941840",-8.5
"5941841",-5.2
"5941842",
"5941843",
"5941844",
"5941845",100
"5941846",
"5941847",
"5941848",
"5941849",
"5941850",-11.7
"5941851",-50
"5941852",
"5941854",
"5941855",
"5941856",
"5941858",
"5941859",
"5941860",
"5941861",
"5941862",
"5941863",
"5941864",
"5941865",
"5941866",-100
"5941868",
"5941871",0
"5941872",0
"5941873",0
"5941876",-100
"5941879",
"5941880",-37
"5941881",
"5941882",23.8
"5941883",-100
"5941884",0
"5941885",-33.3
"5943008",-2.4
"5943012",-4.5
"5943017",-1.9
"5943023",4.9
"5943027",-46
"5943031",2.7
"5943033",-10.5
"5943037",-12.3
"5943804",820
"5943806",13.7
"5943807",
"5943808",-5
"5943809",
"5943813",-38.5
"5943815",-22.1
"5943816",-8.5
"5943817",
"5943836",200
"5943837",10.7
"5945006",-6.5
"5945010",5.8
"5945012",-8.8
"5945014",-29.6
"5945801",2.7
"5945802",8.1
"5945803",-25.9
"5947007",-5.7
"5947012",-2.4
"5947016",-44.2
"5947021",297.3
"5947023",-6
"5947026",-.4
"5947027",-13.7
"5947030",-14.1
"5947032",-21.1
"5947803",-11.5
"5947804",-9.2
"5947806",-87.3
"5947807",-2.9
"5947809",-.1
"5947810",-29.7
"5949005",-7.3
"5949011",1.5
"5949013",-4.5
"5949018",-.3
"5949020",0
"5949022",-7.8
"5949024",6.2
"5949028",-6.9
"5949032",-.4
"5949035",-.5
"5949038",-19.8
"5949039",-23.9
"5949041",172.5
"5949802",14.2
"5949803",0
"5949804",20.3
"5949805",-100
"5949807",-3.1
"5949810",-48.2
"5949811",3.9
"5949812",-13.3
"5949813",-13.1
"5949814",-37.9
"5949815",-1
"5949816",7.5
"5949817",14.1
"5949818",-1.3
"5949819",13.6
"5949820",5.6
"5949830",
"5949832",-38.2
"5949843",-9.2
"5949844",182.1
"5949845",-14.7
"5949846",
"5949847",-93.6
"5951007",10.2
"5951009",4.9
"5951013",25.3
"5951015",5.5
"5951017",3.1
"5951019",18
"5951022",-3.7
"5951028",-2.4
"5951031",-14.9
"5951032",-16.8
"5951034",-.5
"5951038",4.2
"5951043",3.6
"5951051",1.9
"5951053",-7.9
"5951801",-5.4
"5951802",31.4
"5951803",7.9
"5951804",-100
"5951805",.9
"5951806",0
"5951807",10.2
"5951809",-13.5
"5951810",9.1
"5951811",
"5951813",-63
"5951814",-11.8
"5951815",-46.1
"5951818",-2.3
"5951819",100
"5951820",-93.3
"5951821",0
"5951822",0
"5951823",
"5951824",-23.1
"5951825",
"5951826",-68.8
"5951827",-47.1
"5951828",19.2
"5951829",-22.9
"5951830",0
"5951833",-100
"5951840",-47.4
"5951844",-100
"5951845",
"5951846",-100
"5951847",
"5951848",39.7
"5951849",-100
"5953007",.2
"5953012",-11.2
"5953019",-11.3
"5953023",1.4
"5953033",-22.7
"5953038",2.7
"5953042",6.7
"5953044",-4.3
"5953046",-4.6
"5953048",-6
"5953050",-9.2
"5953801",-25.2
"5953802",-22.3
"5955003",10.4
"5955005",-.1
"5955010",.1
"5955014",5.4
"5955021",-4.7
"5955023",-8.8
"5955025",-4.2
"5955030",-.8
"5955034",6.9
"5955040",.3
"5955042",.8
"5955801",17.8
"5955802",86.3
"5955803",12.3
"5955804",-3.2
"5955807",4.6
"5955808",66.7
"5955812",
"5957022",7.8
"5957802",-21.1
"5957803",-48.4
"5957804",-100
"5957813",-7.1
"5957814",
"5959007",-12.5
"5959805",
"5959806",27.3
"5959809",
"5959810",50
"6001003",-5.2
"6001004",.9
"6001006",-13.5
"6001007",-11.5
"6001008",3.9
"6001009",13.8
"6001010",-47.4
"6001012",18.4
"6001016",
"6001018",.7
"6001019",
"6001022",-8.9
"6001029",-.6
"6001031",
"6001032",-25.8
"6001033",-88.6
"6001034",-100
"6001036",76.1
"6001037",12.5
"6001038",4.2
"6001039",30.1
"6001041",13.5
"6001042",-8
"6001043",-3.2
"6001044",10.3
"6001045",31.3
"6001046",-100
"6001047",0
"6001048",3.2
"6001049",-36.4
"6001050",-28.6
"6001052",86.7
"6001055",-8
"6001057",
"6001058",15.1
"6001059",26
"6001060",8.7
"6101010",-18.3
"6101014",6.5
"6101015",2.1
"6101017",-.6
"6101025",6.6
"6101036",-1.8
"6101041",-8.2
"6101063",-100
"6101095",1
"6102003",-10.1
"6102005",-5.3
"6102007",-4.5
"6102009",-7.5
"6102012",18.3
"6102063",
"6103031",1.7
"6103034",7
"6103049",-10.6
"6103052",2.9
"6103097",
"6104005",-13.5
"6104006",7
"6104009",-8.1
"6104010",-11.3
"6104013",-21
"6104014",1
"6104017",-5.5
"6104038",1.8
"6104044",9
"6104097",-74.4
"6105001",-11.5
"6105003",-10.3
"6105004",
"6105016",-1.2
"6105018",-2.1
"6105020",-7.2
"6105026",-50
"6105097",837.8
"6106021",-15
"6106023",2.9
"6106097",-100
"6204001",9.1
"6204003",8.3
"6204005",10.7
"6204007",10.3
"6204009",7.5
"6204010",9.9
"6204011",-16.5
"6204012",-5.5
"6204015",13.9
"6204018",19.3
"6204019",
"6204020",17.8
"6204022",-6.6
"6204025",-7.8
"6204030",0
"6205014",8.5
"6205015",12.5
"6205016",15.3
"6205017",-3.9
"6205019",-5.7
"6205023",8.3
"6205027",26.3
"6205033",
"6208047",12.1
"6208059",11.4
"6208065",
"6208068",
"6208073",8.9
"6208081",20.2
"6208087",11.1
"6208098",-100
