geo_code,total
"1001101","62"
"1001105","160"
"1001113","570"
"1001120","81"
"1001124","1489"
"1001126","506"
"1001131","310"
"1001136","323"
"1001140","65"
"1001144","83"
"1001149","465"
"1001155","511"
"1001169","340"
"1001174","233"
"1001178","439"
"1001181","212"
"1001186","153"
"1001192","115"
"1001197","358"
"1001203","506"
"1001207","110"
"1001214","131"
"1001219","247"
"1001225","120"
"1001228","308"
"1001234","344"
"1001240","3643"
"1001254","270"
"1001259","757"
"1001263","298"
"1001267","534"
"1001270","990"
"1001274","247"
"1001277","452"
"1001281","282"
"1001285","720"
"1001289","468"
"1001293","1175"
"1001298","916"
"1001304","2971"
"1001308","293"
"1001312","704"
"1001316","223"
"1001321","546"
"1001325","375"
"1001328","210"
"1001332","484"
"1001335","346"
"1001339","2017"
"1001343","661"
"1001347","398"
"1001352","389"
"1001357","408"
"1001361","695"
"1001365","1764"
"1001370","4739"
"1001374","271"
"1001375","396"
"1001379","3131"
"1001385","1594"
"1001391","0"
"1001394","275"
"1001396","2622"
"1001405","46"
"1001409","5818"
"1001415","956"
"1001421","1087"
"1001426","562"
"1001429","1396"
"1001434","655"
"1001437","761"
"1001441","317"
"1001446","750"
"1001452","724"
"1001456","651"
"1001461","697"
"1001464","636"
"1001469","1083"
"1001472","1995"
"1001485","24848"
"1001490","344"
"1001494","2346"
"1001504","7366"
"1001505","1866"
"1001507","1457"
"1001509","7397"
"1001511","2098"
"1001512","397"
"1001517","17695"
"1001519","106172"
"1001542","24284"
"1001551","924"
"1001557","1283"
"1001559","1179"
"1001565","115"
"1002001","269"
"1002002","555"
"1002005","2424"
"1002006","130"
"1002008","1244"
"1002009","10"
"1002011","672"
"1002012","286"
"1002013","175"
"1002014","233"
"1002015","97"
"1002016","139"
"1002017","172"
"1002018","1442"
"1002019","2415"
"1002021","545"
"1002022","260"
"1002023","363"
"1002024","5506"
"1002025","333"
"1002026","136"
"1002027","285"
"1002029","0"
"1002030","260"
"1002031","596"
"1002033","288"
"1002034","301"
"1002036","530"
"1002037","191"
"1002039","147"
"1002040","137"
"1002041","470"
"1002044","15"
"1002048","595"
"1002055","130"
"1003001","5"
"1003002","141"
"1003003","618"
"1003004","409"
"1003005","182"
"1003006","5"
"1003008","1711"
"1003009","0"
"1003010","263"
"1003011","450"
"1003012","179"
"1003014","265"
"1003018","789"
"1003019","1233"
"1003020","117"
"1003021","114"
"1003024","385"
"1003026","280"
"1003028","1464"
"1003031","727"
"1003032","619"
"1003033","651"
"1003034","4170"
"1003038","103"
"1003042","388"
"1003045","118"
"1003801","920"
"1004001","1810"
"1004006","1298"
"1004011","728"
"1004013","1207"
"1004016","830"
"1004017","59"
"1004018","1875"
"1004019","6719"
"1004020","1815"
"1004021","598"
"1004022","1973"
"1004033","949"
"1004037","532"
"1004042","447"
"1005001","232"
"1005003","470"
"1005004","4995"
"1005005","323"
"1005006","221"
"1005007","187"
"1005008","457"
"1005009","474"
"1005010","632"
"1005011","408"
"1005012","3352"
"1005014","605"
"1005015","407"
"1005016","101"
"1005017","1412"
"1005018","19886"
"1005019","5"
"1005020","1681"
"1005022","546"
"1005023","660"
"1005024","510"
"1005025","649"
"1005028","231"
"1005030","1428"
"1005033","785"
"1005035","347"
"1006001","295"
"1006003","912"
"1006008","216"
"1006009","11054"
"1006011","622"
"1006012","791"
"1006014","452"
"1006015","397"
"1006017","13725"
"1006019","3341"
"1006021","809"
"1006022","3008"
"1006026","793"
"1006028","99"
"1006029","94"
"1006031","696"
"1007001","2055"
"1007006","1272"
"1007009","1225"
"1007013","6036"
"1007014","498"
"1007015","137"
"1007016","338"
"1007018","102"
"1007020","337"
"1007022","1827"
"1007023","3589"
"1007024","398"
"1007025","61"
"1007026","46"
"1007027","111"
"1007028","971"
"1007031","2714"
"1007032","556"
"1007036","483"
"1007037","283"
"1007038","232"
"1007039","132"
"1007040","83"
"1007041","219"
"1007042","482"
"1007043","274"
"1007044","2122"
"1007045","58"
"1007046","136"
"1007047","1984"
"1007048","147"
"1007049","1031"
"1007050","1161"
"1007051","25"
"1007054","305"
"1007056","144"
"1007057","673"
"1007060","2265"
"1007067","174"
"1008001","165"
"1008004","545"
"1008006","1053"
"1008008","3105"
"1008011","737"
"1008020","421"
"1008021","658"
"1008022","685"
"1008023","204"
"1008024","257"
"1008025","427"
"1008026","211"
"1008029","203"
"1008031","2043"
"1008032","272"
"1008033","853"
"1008035","2269"
"1008036","452"
"1008037","520"
"1008038","566"
"1008039","451"
"1008040","264"
"1008042","867"
"1008043","691"
"1008044","3483"
"1008045","294"
"1008046","537"
"1008047","159"
"1008048","337"
"1008049","619"
"1008052","5"
"1008053","301"
"1008054","998"
"1008055","171"
"1008056","220"
"1008058","527"
"1008059","487"
"1008060","807"
"1008061","2907"
"1008062","165"
"1008063","108"
"1008064","97"
"1008065","340"
"1008066","150"
"1008067","330"
"1008069","675"
"1008070","128"
"1008071","349"
"1008072","476"
"1008073","5"
"1008074","352"
"1008075","265"
"1008076","899"
"1008077","181"
"1008078","184"
"1008079","1370"
"1008091","304"
"1008092","92"
"1008093","220"
"1008095","333"
"1008096","190"
"1008098","137"
"1009001","77"
"1009004","583"
"1009007","1057"
"1009008","181"
"1009009","117"
"1009010","576"
"1009011","281"
"1009012","685"
"1009013","979"
"1009015","265"
"1009016","475"
"1009017","478"
"1009018","338"
"1009019","697"
"1009020","258"
"1009021","2729"
"1009022","839"
"1009023","326"
"1009024","308"
"1009026","182"
"1009028","265"
"1009029","2418"
"1009030","258"
"1009031","815"
"1009032","661"
"1009034","76"
"1009035","201"
"1009037","27"
"1009039","211"
"1009041","84"
"1009042","62"
"1009047","49"
"1009048","228"
"1010001","49"
"1010002","550"
"1010003","194"
"1010004","192"
"1010005","429"
"1010006","120"
"1010007","107"
"1010008","349"
"1010009","441"
"1010010","207"
"1010011","383"
"1010012","516"
"1010013","308"
"1010020","54"
"1010022","553"
"1010025","7552"
"1010029","634"
"1010032","7367"
"1010034","1861"
"1010042","0"
"1010801","931"
"1010802","1314"
"1011005","0"
"1011010","306"
"1011015","206"
"1011020","361"
"1011030","556"
"1011035","1188"
"1011040","0"
"1101001","905"
"1101002","320"
"1101004","334"
"1101006","915"
"1101008","795"
"1101009","1203"
"1101011","191"
"1101014","769"
"1101016","798"
"1101018","1895"
"1101019","461"
"1101021","332"
"1101022","291"
"1101024","675"
"1101026","415"
"1101028","378"
"1101029","413"
"1101031","746"
"1101032","806"
"1101034","458"
"1101036","1173"
"1101038","360"
"1101039","496"
"1101041","274"
"1101042","448"
"1101044","253"
"1101046","435"
"1101048","313"
"1101049","593"
"1101050","24"
"1101051","521"
"1102001","470"
"1102004","307"
"1102006","493"
"1102008","987"
"1102009","850"
"1102012","1077"
"1102014","1911"
"1102026","1634"
"1102028","2200"
"1102029","832"
"1102030","49"
"1102031","895"
"1102032","104"
"1102033","338"
"1102034","345"
"1102036","825"
"1102037","576"
"1102038","847"
"1102039","855"
"1102040","1153"
"1102041","560"
"1102042","1001"
"1102043","294"
"1102044","1656"
"1102045","266"
"1102046","583"
"1102048","340"
"1102049","1201"
"1102050","235"
"1102051","173"
"1102052","2577"
"1102054","1643"
"1102056","743"
"1102057","148"
"1102058","587"
"1102059","225"
"1102065","221"
"1102070","367"
"1102075","34562"
"1102080","8574"
"1102085","5162"
"1103001","882"
"1103005","750"
"1103006","806"
"1103008","339"
"1103009","1033"
"1103010","167"
"1103011","1177"
"1103012","1903"
"1103013","143"
"1103014","1496"
"1103016","1054"
"1103018","172"
"1103019","548"
"1103023","320"
"1103024","869"
"1103025","14751"
"1103026","1122"
"1103027","267"
"1103028","733"
"1103029","409"
"1103031","763"
"1103032","725"
"1103033","222"
"1103034","865"
"1103035","293"
"1103036","499"
"1103038","318"
"1103041","828"
"1103042","812"
"1103044","306"
"1103046","596"
"1103048","472"
"1103049","1337"
"1103051","1100"
"1103052","1135"
"1103054","860"
"1103056","1487"
"1103057","51"
"1103058","1786"
"1103059","779"
"1103062","173"
"1201001","6994"
"1201004","820"
"1201006","4408"
"1201008","1686"
"1201009","588"
"1202001","8252"
"1202004","10105"
"1202006","6761"
"1202040","157"
"1203001","8319"
"1203004","7463"
"1203006","2152"
"1203009","102"
"1204009","10"
"1204010","10917"
"1204015","33"
"1205001","2903"
"1205002","0"
"1205004","6008"
"1205006","0"
"1205008","481"
"1205009","3650"
"1205012","949"
"1205014","5016"
"1205016","1749"
"1206001","25118"
"1206004","8241"
"1206006","2313"
"1206008","943"
"1206009","10599"
"1206011","77"
"1206014","22"
"1206016","0"
"1207001","22103"
"1207002","144"
"1207004","2454"
"1207011","8275"
"1207012","6094"
"1207016","11990"
"1207021","5201"
"1207024","4269"
"1207027","59"
"1208001","14165"
"1208002","3785"
"1208004","1159"
"1208008","22111"
"1208014","1084"
"1209019","194"
"1209029","0"
"1209034","390096"
"1209037","23"
"1209038","15"
"1210001","13339"
"1210002","1438"
"1210003","847"
"1210006","12059"
"1210008","19643"
"1210012","3642"
"1211001","2141"
"1211002","1305"
"1211006","3580"
"1211008","3868"
"1211009","5325"
"1211011","9717"
"1211012","1151"
"1211014","4266"
"1212001","6397"
"1212004","3437"
"1212006","6014"
"1212008","3798"
"1212009","4485"
"1212011","8867"
"1212014","9562"
"1212016","2616"
"1212019","467"
"1212023","0"
"1213001","2354"
"1213004","4189"
"1213006","806"
"1213008","794"
"1214001","8253"
"1214002","4524"
"1214006","6439"
"1214010","373"
"1215001","3357"
"1215002","3366"
"1215006","5144"
"1215008","800"
"1215011","5280"
"1216001","3286"
"1216006","3953"
"1216011","1573"
"1216014","481"
"1217008","912"
"1217020","3309"
"1217030","97398"
"1218001","3828"
"1218003","518"
"1218006","2769"
"1301001","1145"
"1301002","314"
"1301004","3828"
"1301006","70063"
"1301016","1200"
"1302001","162"
"1302004","925"
"1302006","731"
"1302008","752"
"1302011","2218"
"1302012","982"
"1302014","52"
"1302016","2472"
"1302018","1543"
"1302021","647"
"1302024","593"
"1302026","1889"
"1302028","616"
"1302031","573"
"1302034","1986"
"1302037","4817"
"1302039","1241"
"1302042","1605"
"1302044","368"
"1302052","2377"
"1303001","926"
"1303004","485"
"1303005","611"
"1303006","752"
"1303008","6458"
"1303011","5421"
"1303012","8932"
"1303013","286"
"1303014","853"
"1303016","1776"
"1303018","643"
"1304001","723"
"1304004","316"
"1304005","698"
"1304006","294"
"1304008","426"
"1304011","651"
"1304013","620"
"1304014","660"
"1304016","192"
"1304018","851"
"1304021","952"
"1304022","2505"
"1304024","962"
"1304025","1236"
"1305001","295"
"1305004","1306"
"1305006","2734"
"1305007","4292"
"1305008","347"
"1305011","2108"
"1305014","2952"
"1305015","5117"
"1305016","1296"
"1305018","1301"
"1305021","2529"
"1305022","4312"
"1305023","1495"
"1305024","458"
"1305026","1414"
"1305028","1158"
"1305031","3612"
"1305034","1652"
"1305036","407"
"1305038","1047"
"1305045","11947"
"1305057","17886"
"1306001","643"
"1306003","353"
"1306004","376"
"1306006","232"
"1306007","0"
"1306008","968"
"1306011","1395"
"1306014","4401"
"1306020","19128"
"1306025","1350"
"1307001","964"
"1307002","418"
"1307004","1074"
"1307005","6200"
"1307007","2256"
"1307008","1336"
"1307009","5558"
"1307011","477"
"1307012","1167"
"1307013","4831"
"1307014","48"
"1307016","4917"
"1307019","9421"
"1307022","69074"
"1307024","3417"
"1307028","2208"
"1307029","1429"
"1307045","23310"
"1307052","6053"
"1308001","6282"
"1308003","85"
"1308004","3327"
"1308005","2423"
"1308006","2008"
"1308007","1770"
"1308008","866"
"1308010","390"
"1308012","25"
"1308014","1318"
"1308015","1985"
"1308016","1986"
"1308017","818"
"1308018","1286"
"1308019","1982"
"1308020","97"
"1308021","1741"
"1308022","930"
"1308024","744"
"1308026","770"
"1309001","2329"
"1309004","1610"
"1309006","522"
"1309011","998"
"1309014","935"
"1309016","1213"
"1309017","1170"
"1309018","2215"
"1309019","990"
"1309021","501"
"1309022","793"
"1309023","352"
"1309026","1833"
"1309027","2373"
"1309028","2352"
"1309031","1220"
"1309034","34"
"1309035","448"
"1309036","5922"
"1309038","1678"
"1309044","1046"
"1309047","10"
"1309050","17811"
"1310001","2466"
"1310002","4232"
"1310004","1806"
"1310005","363"
"1310006","1284"
"1310007","27"
"1310008","243"
"1310011","609"
"1310012","331"
"1310013","270"
"1310014","373"
"1310016","895"
"1310018","7391"
"1310019","490"
"1310021","1272"
"1310024","1538"
"1310025","307"
"1310026","3068"
"1310028","6081"
"1310031","4733"
"1310032","56224"
"1310034","864"
"1310036","903"
"1310037","419"
"1310054","1049"
"1311001","1358"
"1311004","2165"
"1311005","345"
"1311006","5254"
"1311008","1825"
"1311011","1764"
"1311012","947"
"1311014","2814"
"1311018","1085"
"1311019","542"
"1311021","565"
"1311024","1223"
"1311026","981"
"1311027","1639"
"1311028","2242"
"1311030","532"
"1311031","1738"
"1312001","942"
"1312002","351"
"1312004","1096"
"1312006","1778"
"1312007","1039"
"1312008","1567"
"1312009","1135"
"1312011","518"
"1312014","1592"
"1312016","1172"
"1312019","5706"
"1312021","2250"
"1312023","775"
"1313001","1134"
"1313002","819"
"1313004","1052"
"1313006","1343"
"1313008","263"
"1313011","949"
"1313012","1002"
"1313014","744"
"1313015","686"
"1313018","717"
"1313020","205"
"1313022","2171"
"1313024","1599"
"1313027","16032"
"1313028","0"
"1313032","290"
"1313033","145"
"1313034","645"
"1313035","585"
"1313036","5"
"1313037","719"
"1313038","297"
"1313039","857"
"1313041","630"
"1313042","533"
"1314001","1207"
"1314003","202"
"1314004","1324"
"1314005","602"
"1314006","1719"
"1314008","2247"
"1314010","320"
"1314011","1209"
"1314012","2615"
"1314013","1237"
"1314014","7385"
"1314015","1036"
"1314016","698"
"1314017","3512"
"1314018","1096"
"1314019","993"
"1314021","1489"
"1314022","2095"
"1314025","1548"
"1314026","60"
"1315001","6920"
"1315003","4933"
"1315006","2081"
"1315008","4979"
"1315010","141"
"1315011","12275"
"1315012","6354"
"1315013","976"
"1315014","1908"
"1315015","4351"
"1315016","1195"
"1315017","488"
"1315019","2700"
"1315020","706"
"1315021","1620"
"1315022","748"
"1315024","4247"
"1315026","1382"
"1315027","1380"
"1315028","4169"
"1315029","5032"
"1315030","817"
"1315031","2603"
"1315032","1432"
"1315033","955"
"1315036","1137"
"1315037","952"
"1315038","738"
"1315040","573"
"2401023","12291"
"2401042","490"
"2402005","3312"
"2402010","1055"
"2402015","3456"
"2402028","7703"
"2402047","2453"
"2402902","0"
"2403005","15163"
"2403010","743"
"2403015","178"
"2403020","1137"
"2403025","764"
"2403902","0"
"2403904","0"
"2404005","334"
"2404010","1118"
"2404015","192"
"2404020","130"
"2404025","309"
"2404030","245"
"2404037","6933"
"2404047","2623"
"2404902","204"
"2404904","0"
"2405010","338"
"2405015","405"
"2405020","344"
"2405025","630"
"2405032","3198"
"2405040","1358"
"2405045","2775"
"2405050","467"
"2405055","1179"
"2405060","2039"
"2405065","691"
"2405070","3810"
"2405077","741"
"2405902","25"
"2406005","2536"
"2406013","3991"
"2406020","1689"
"2406025","588"
"2406030","1472"
"2406035","167"
"2406040","157"
"2406045","664"
"2406050","548"
"2406055","706"
"2406060","190"
"2406802","688"
"2406804","1850"
"2406902","0"
"2406904","0"
"2407005","203"
"2407010","414"
"2407018","2458"
"2407025","256"
"2407030","970"
"2407035","366"
"2407040","341"
"2407047","6322"
"2407057","1453"
"2407065","258"
"2407070","464"
"2407075","477"
"2407080","955"
"2407085","1864"
"2407090","334"
"2407095","577"
"2407100","434"
"2407105","397"
"2407902","15"
"2407904","5"
"2407906","0"
"2407908","5"
"2407910","0"
"2407912","0"
"2407914","5"
"2408005","1107"
"2408010","193"
"2408015","411"
"2408023","1175"
"2408030","485"
"2408035","1089"
"2408040","201"
"2408053","14462"
"2408065","402"
"2408073","1642"
"2408080","609"
"2408902","10"
"2409005","488"
"2409010","271"
"2409015","524"
"2409020","313"
"2409025","1180"
"2409030","890"
"2409035","999"
"2409040","411"
"2409048","644"
"2409055","345"
"2409060","237"
"2409065","1673"
"2409070","527"
"2409077","6665"
"2409085","919"
"2409092","2851"
"2409902","5"
"2409904","0"
"2410005","379"
"2410010","256"
"2410015","1017"
"2410025","323"
"2410030","3035"
"2410043","46860"
"2410060","893"
"2410070","1906"
"2410075","421"
"2410902","5"
"2411005","499"
"2411010","1606"
"2411015","313"
"2411020","91"
"2411025","222"
"2411030","399"
"2411035","311"
"2411040","3456"
"2411045","1129"
"2411050","678"
"2411055","438"
"2411902","0"
"2412005","1163"
"2412010","1235"
"2412015","4027"
"2412020","1128"
"2412025","256"
"2412030","849"
"2412035","367"
"2412043","1469"
"2412045","49"
"2412057","1939"
"2412065","1253"
"2412072","19447"
"2412080","1193"
"2413005","3051"
"2413010","310"
"2413015","595"
"2413020","440"
"2413025","1299"
"2413030","614"
"2413040","585"
"2413045","444"
"2413050","286"
"2413055","506"
"2413060","551"
"2413065","1171"
"2413073","5096"
"2413075","112"
"2413080","1318"
"2413085","343"
"2413090","780"
"2413095","2770"
"2413100","301"
"2414005","1136"
"2414010","534"
"2414018","3490"
"2414025","911"
"2414030","418"
"2414035","2050"
"2414040","651"
"2414045","280"
"2414050","589"
"2414055","503"
"2414060","868"
"2414065","1058"
"2414070","1658"
"2414075","799"
"2414080","559"
"2414085","4266"
"2414090","1717"
"2414902","5"
"2414904","0"
"2415005","674"
"2415013","8862"
"2415025","815"
"2415030","1073"
"2415035","3118"
"2415058","1300"
"2415065","204"
"2415902","77"
"2415904","117"
"2416005","744"
"2416013","7332"
"2416023","1279"
"2416048","1328"
"2416050","1181"
"2416055","1474"
"2416902","0"
"2417005","310"
"2417010","2685"
"2417015","536"
"2417020","439"
"2417025","413"
"2417030","1774"
"2417035","633"
"2417040","591"
"2417045","753"
"2417055","1409"
"2417060","704"
"2417065","967"
"2417070","3304"
"2417078","3999"
"2418005","709"
"2418010","198"
"2418015","992"
"2418020","304"
"2418025","541"
"2418030","824"
"2418035","329"
"2418040","384"
"2418045","3045"
"2418050","11491"
"2418055","920"
"2418060","1596"
"2418065","1398"
"2418070","146"
"2419005","742"
"2419010","785"
"2419015","355"
"2419020","1128"
"2419025","1489"
"2419030","2071"
"2419037","1491"
"2419045","743"
"2419050","1172"
"2419055","3325"
"2419062","3458"
"2419068","5023"
"2419070","765"
"2419075","2058"
"2419082","2463"
"2419090","722"
"2419097","2246"
"2419105","2420"
"2419110","1816"
"2419117","1046"
"2420005","527"
"2420010","851"
"2420015","923"
"2420020","1580"
"2420025","1789"
"2420030","1041"
"2421005","1506"
"2421010","2964"
"2421015","18"
"2421020","1458"
"2421025","3439"
"2421030","2854"
"2421035","3834"
"2421040","3634"
"2421045","6465"
"2421902","0"
"2421904","0"
"2422005","6319"
"2422010","1613"
"2422015","251"
"2422020","5086"
"2422025","2933"
"2422030","598"
"2422035","7106"
"2422040","7281"
"2422045","5696"
"2422902","0"
"2423015","394"
"2423027","516622"
"2423057","16745"
"2423072","18141"
"2423802","."
"2425213","138769"
"2426005","1393"
"2426010","1149"
"2426015","1940"
"2426022","2107"
"2426030","12889"
"2426035","1073"
"2426040","1212"
"2426048","2089"
"2426055","2131"
"2426063","2947"
"2426070","6177"
"2427008","2451"
"2427015","485"
"2427028","6354"
"2427035","1459"
"2427043","4722"
"2427050","420"
"2427055","573"
"2427060","1473"
"2427065","1085"
"2427070","266"
"2428005","1751"
"2428015","910"
"2428020","3605"
"2428025","891"
"2428030","787"
"2428035","421"
"2428040","548"
"2428045","1845"
"2428053","4061"
"2428060","480"
"2428065","386"
"2428070","844"
"2428075","725"
"2429005","743"
"2429013","2277"
"2429020","50"
"2429025","525"
"2429030","1787"
"2429038","1610"
"2429045","2462"
"2429050","658"
"2429057","3274"
"2429065","367"
"2429073","31173"
"2429095","134"
"2429100","1612"
"2429112","2567"
"2429120","1227"
"2429125","496"
"2430005","695"
"2430010","911"
"2430015","170"
"2430020","364"
"2430025","1650"
"2430030","5932"
"2430035","662"
"2430040","270"
"2430045","1374"
"2430050","892"
"2430055","724"
"2430070","676"
"2430072","1255"
"2430080","1071"
"2430085","697"
"2430090","1004"
"2430095","1584"
"2430100","707"
"2430105","559"
"2430110","1062"
"2431008","878"
"2431015","2502"
"2431020","1168"
"2431025","189"
"2431030","280"
"2431035","406"
"2431040","959"
"2431045","1870"
"2431050","363"
"2431056","2643"
"2431060","650"
"2431084","25709"
"2431095","389"
"2431100","359"
"2431105","369"
"2431122","2229"
"2431130","564"
"2431135","882"
"2431140","711"
"2432013","2067"
"2432023","666"
"2432033","5693"
"2432040","6688"
"2432045","2678"
"2432050","485"
"2432058","822"
"2432065","1628"
"2432072","1454"
"2432080","700"
"2432085","485"
"2433007","1035"
"2433017","1145"
"2433025","1080"
"2433030","1091"
"2433035","2138"
"2433040","887"
"2433045","3567"
"2433052","1578"
"2433060","2634"
"2433065","968"
"2433070","955"
"2433080","1248"
"2433085","869"
"2433090","5102"
"2433095","1604"
"2433102","2352"
"2433115","887"
"2433123","477"
"2434007","3888"
"2434017","8723"
"2434025","6283"
"2434030","2996"
"2434038","2463"
"2434048","3107"
"2434058","2131"
"2434060","282"
"2434065","2862"
"2434078","1500"
"2434085","288"
"2434090","1403"
"2434097","1225"
"2434105","448"
"2434115","1019"
"2434120","466"
"2434128","9615"
"2434135","671"
"2434902","0"
"2434904","0"
"2434906","0"
"2435005","747"
"2435010","1373"
"2435015","952"
"2435020","860"
"2435027","3880"
"2435035","1340"
"2435040","361"
"2435045","438"
"2435050","2478"
"2435055","490"
"2435902","0"
"2435904","5"
"2435906","0"
"2435908","0"
"2436033","50060"
"2437067","131338"
"2437205","2072"
"2437210","940"
"2437215","1060"
"2437220","1664"
"2437225","591"
"2437230","2775"
"2437235","5467"
"2437240","1762"
"2437245","1029"
"2437250","505"
"2438005","865"
"2438010","12438"
"2438015","466"
"2438020","304"
"2438028","843"
"2438035","479"
"2438040","733"
"2438047","706"
"2438055","528"
"2438060","362"
"2438065","1223"
"2438070","954"
"2438802","180"
"2439005","227"
"2439010","832"
"2439015","414"
"2439020","474"
"2439025","1395"
"2439030","891"
"2439035","358"
"2439043","1185"
"2439060","2892"
"2439062","43462"
"2439077","4766"
"2439085","1526"
"2439090","374"
"2439097","2000"
"2439105","378"
"2439117","1616"
"2439130","743"
"2439135","1286"
"2439145","838"
"2439150","1268"
"2439155","966"
"2439165","443"
"2439170","903"
"2440005","225"
"2440010","490"
"2440017","1453"
"2440025","511"
"2440032","911"
"2440043","7096"
"2440047","4070"
"2441012","716"
"2441020","307"
"2441027","749"
"2441037","720"
"2441038","5171"
"2441055","2891"
"2441060","3741"
"2441065","997"
"2441070","1159"
"2441075","214"
"2441080","547"
"2441085","399"
"2441098","2683"
"2441117","1771"
"2442005","2765"
"2442020","2101"
"2442025","3402"
"2442032","1252"
"2442040","577"
"2442045","652"
"2442050","611"
"2442055","2349"
"2442060","1047"
"2442065","497"
"2442070","123"
"2442075","1004"
"2442078","416"
"2442088","5367"
"2442095","1501"
"2442098","3275"
"2442100","1106"
"2442110","1609"
"2443027","154601"
"2444003","483"
"2444005","104"
"2444010","306"
"2444015","702"
"2444023","710"
"2444037","9255"
"2444045","591"
"2444050","603"
"2444055","484"
"2444060","469"
"2444071","3112"
"2444080","2028"
"2445008","2857"
"2445020","770"
"2445025","1038"
"2445030","1849"
"2445035","1109"
"2445043","761"
"2445050","654"
"2445055","2003"
"2445060","2464"
"2445072","25358"
"2445080","50"
"2445085","1880"
"2445093","1740"
"2445095","910"
"2445100","534"
"2445105","999"
"2445115","3575"
"2446005","391"
"2446010","1094"
"2446017","1248"
"2446025","525"
"2446030","276"
"2446035","2684"
"2446040","699"
"2446045","873"
"2446050","3471"
"2446058","3906"
"2446065","678"
"2446070","271"
"2446075","5609"
"2446078","7649"
"2446080","12489"
"2446085","553"
"2446090","2457"
"2446095","638"
"2446100","660"
"2446105","1120"
"2446112","8330"
"2447010","3125"
"2447017","63433"
"2447025","4330"
"2447030","358"
"2447035","6711"
"2447040","1171"
"2447047","3786"
"2447055","2128"
"2448005","314"
"2448010","1265"
"2448015","1093"
"2448020","673"
"2448028","7664"
"2448038","2075"
"2448045","1471"
"2448050","826"
"2449005","1563"
"2449015","1008"
"2449020","867"
"2449025","1202"
"2449030","1584"
"2449040","2470"
"2449048","4551"
"2449058","71852"
"2449070","4389"
"2449075","1404"
"2449080","979"
"2449085","737"
"2449095","1251"
"2449100","673"
"2449105","1131"
"2449113","1547"
"2449125","1017"
"2449130","456"
"2450005","871"
"2450013","410"
"2450023","1064"
"2450030","781"
"2450035","611"
"2450042","2271"
"2450050","983"
"2450057","548"
"2450065","471"
"2450072","7828"
"2450085","331"
"2450090","737"
"2450095","292"
"2450100","1010"
"2450113","2176"
"2450128","1957"
"2450802","457"
"2451008","2253"
"2451015","7517"
"2451020","2787"
"2451025","1179"
"2451030","318"
"2451035","992"
"2451040","1375"
"2451045","1060"
"2451050","774"
"2451055","647"
"2451060","1534"
"2451065","3046"
"2451070","1407"
"2451075","1676"
"2451080","993"
"2451085","4511"
"2451090","4217"
"2452007","13267"
"2452017","4447"
"2452030","1559"
"2452035","4091"
"2452040","2365"
"2452045","2086"
"2452050","619"
"2452055","1883"
"2452062","1839"
"2452070","1059"
"2452075","276"
"2452080","2844"
"2452085","2679"
"2452090","593"
"2452095","2043"
"2453005","832"
"2453010","516"
"2453015","505"
"2453020","1794"
"2453025","2501"
"2453032","1721"
"2453040","2122"
"2453050","1677"
"2453052","34600"
"2453065","2742"
"2453072","1644"
"2453085","246"
"2454008","5438"
"2454017","2506"
"2454025","2356"
"2454030","2935"
"2454035","2466"
"2454048","53236"
"2454060","2327"
"2454065","1840"
"2454072","3051"
"2454090","1231"
"2454095","1637"
"2454100","1292"
"2454105","859"
"2454110","1235"
"2454115","521"
"2454120","775"
"2454125","543"
"2455008","2420"
"2455015","2870"
"2455023","5686"
"2455030","1812"
"2455037","2723"
"2455048","10094"
"2455057","5467"
"2455065","4618"
"2456005","1547"
"2456010","1056"
"2456015","1297"
"2456023","2680"
"2456030","470"
"2456035","1877"
"2456042","1464"
"2456050","736"
"2456055","2495"
"2456060","2074"
"2456065","1837"
"2456083","92394"
"2456097","3086"
"2456105","1331"
"2457005","25571"
"2457010","7966"
"2457020","16736"
"2457025","5615"
"2457030","8450"
"2457033","3191"
"2457035","18200"
"2457040","20783"
"2457045","2624"
"2457050","2050"
"2457057","1643"
"2457068","2285"
"2457075","1659"
"2458007","79273"
"2458012","21555"
"2458033","40753"
"2458037","26107"
"2458227","231409"
"2459010","30104"
"2459015","10870"
"2459020","20994"
"2459025","5692"
"2459030","504"
"2459035","6252"
"2460005","5853"
"2460013","82000"
"2460020","3273"
"2460028","20065"
"2460035","5353"
"2460040","3296"
"2461005","5122"
"2461013","3887"
"2461020","305"
"2461025","19621"
"2461027","3193"
"2461030","8868"
"2461035","13321"
"2461040","3747"
"2461045","2595"
"2461050","2892"
"2462007","6029"
"2462015","4335"
"2462020","1849"
"2462025","3134"
"2462030","1567"
"2462037","10416"
"2462047","4836"
"2462053","906"
"2462055","978"
"2462060","4130"
"2462065","2198"
"2462070","1644"
"2462075","2020"
"2462080","1115"
"2462085","2201"
"2462802","2073"
"2462902","0"
"2462904","0"
"2462906","5"
"2462908","15"
"2462910","0"
"2462912","65"
"2462914","0"
"2462916","0"
"2462918","0"
"2462919","0"
"2462920","0"
"2462922","0"
"2463005","1164"
"2463013","4021"
"2463020","577"
"2463025","790"
"2463030","1963"
"2463035","4892"
"2463040","267"
"2463048","17463"
"2463055","5934"
"2463060","9331"
"2463065","1976"
"2464008","106322"
"2464015","42491"
"2465005","401553"
"2466007","3728"
"2466023","1649519"
"2466032","19931"
"2466047","5085"
"2466058","32321"
"2466062","7153"
"2466072","19503"
"2466087","18208"
"2466092","5"
"2466097","30790"
"2466102","21253"
"2466107","19505"
"2466112","3850"
"2466117","5073"
"2466127","920"
"2466142","49637"
"2467005","1879"
"2467010","5495"
"2467015","23357"
"2467020","19876"
"2467025","7462"
"2467030","16762"
"2467035","24980"
"2467040","2581"
"2467045","11584"
"2467050","45904"
"2467055","2307"
"2467802","."
"2468005","1477"
"2468010","808"
"2468015","1747"
"2468020","1704"
"2468025","1971"
"2468030","3525"
"2468035","1869"
"2468040","1672"
"2468045","1312"
"2468050","2884"
"2468055","7265"
"2469005","756"
"2469010","1688"
"2469017","2522"
"2469025","630"
"2469030","1155"
"2469037","3595"
"2469045","2242"
"2469050","401"
"2469055","2457"
"2469060","1417"
"2469065","1403"
"2469070","2523"
"2469075","408"
"2469802","."
"2470005","1148"
"2470012","4966"
"2470022","12011"
"2470030","806"
"2470035","1389"
"2470040","1553"
"2470052","40077"
"2471005","1885"
"2471015","762"
"2471020","1969"
"2471025","6773"
"2471033","4568"
"2471040","6842"
"2471045","1738"
"2471050","6079"
"2471055","1340"
"2471060","10503"
"2471065","10620"
"2471070","14305"
"2471075","1971"
"2471083","33305"
"2471090","1359"
"2471095","105"
"2471100","5135"
"2471105","19295"
"2471110","1075"
"2471115","973"
"2471125","863"
"2471133","7346"
"2471140","542"
"2472005","44154"
"2472010","17552"
"2472015","15689"
"2472020","6396"
"2472025","6195"
"2472032","3969"
"2472043","1715"
"2472802","."
"2473005","26816"
"2473010","26025"
"2473015","53510"
"2473020","14294"
"2473025","9479"
"2473030","9485"
"2473035","14535"
"2474005","41957"
"2475005","13080"
"2475017","68456"
"2475028","13375"
"2475040","12171"
"2475045","8083"
"2476008","3275"
"2476020","12551"
"2476025","1775"
"2476030","1629"
"2476035","502"
"2476043","7209"
"2476052","2746"
"2476055","1577"
"2476065","853"
"2477011","199"
"2477012","2740"
"2477022","12137"
"2477030","2721"
"2477035","3363"
"2477043","9881"
"2477050","3925"
"2477055","223"
"2477060","1440"
"2477065","3702"
"2478005","2772"
"2478010","4450"
"2478015","828"
"2478020","1269"
"2478032","10115"
"2478042","425"
"2478047","3467"
"2478050","58"
"2478055","619"
"2478060","604"
"2478065","894"
"2478070","1524"
"2478075","1012"
"2478095","1892"
"2478100","721"
"2478102","9494"
"2478115","1287"
"2478120","2445"
"2478127","47"
"2478130","1234"
"2478802","."
"2479005","1518"
"2479010","720"
"2479015","415"
"2479022","778"
"2479025","772"
"2479030","2019"
"2479037","4645"
"2479047","1053"
"2479050","844"
"2479060","446"
"2479065","892"
"2479078","2713"
"2479088","13779"
"2479097","2822"
"2479105","481"
"2479110","633"
"2479115","619"
"2479902","0"
"2479904","0"
"2479906","0"
"2479910","0"
"2479912","0"
"2479914","5"
"2479916","0"
"2479920","0"
"2479922","5"
"2479924","0"
"2479926","0"
"2480005","451"
"2480010","978"
"2480015","261"
"2480020","718"
"2480027","3702"
"2480037","2165"
"2480045","1103"
"2480050","2455"
"2480055","409"
"2480060","646"
"2480065","572"
"2480070","460"
"2480078","1522"
"2480085","246"
"2480090","986"
"2480095","984"
"2480103","792"
"2480110","596"
"2480115","380"
"2480125","566"
"2480130","522"
"2480135","412"
"2480140","938"
"2480145","677"
"2481017","265349"
"2482005","5051"
"2482010","757"
"2482015","10420"
"2482020","9888"
"2482025","6977"
"2482030","5681"
"2482035","7619"
"2483005","572"
"2483010","920"
"2483015","847"
"2483020","611"
"2483032","2355"
"2483040","875"
"2483045","674"
"2483050","786"
"2483055","526"
"2483060","1608"
"2483065","3930"
"2483070","1856"
"2483075","542"
"2483085","447"
"2483088","687"
"2483090","725"
"2483095","1168"
"2483802","1401"
"2483804","."
"2483902","0"
"2483904","0"
"2483906","0"
"2483908","0"
"2483912","0"
"2484005","1128"
"2484010","1664"
"2484015","1183"
"2484020","266"
"2484025","647"
"2484030","775"
"2484035","731"
"2484040","456"
"2484045","292"
"2484050","168"
"2484055","1109"
"2484060","1377"
"2484065","2204"
"2484070","384"
"2484082","1345"
"2484090","368"
"2484095","130"
"2484100","131"
"2484902","0"
"2485005","2385"
"2485010","474"
"2485015","649"
"2485020","775"
"2485025","2595"
"2485030","828"
"2485037","1272"
"2485045","1100"
"2485050","1022"
"2485055","329"
"2485060","304"
"2485065","298"
"2485070","147"
"2485075","196"
"2485080","298"
"2485085","454"
"2485090","1075"
"2485095","305"
"2485100","403"
"2485105","279"
"2485802","284"
"2485803","27"
"2485804","317"
"2485806","540"
"2485905","69"
"2485907","0"
"2486042","41012"
"2487005","657"
"2487010","312"
"2487015","414"
"2487020","484"
"2487025","1465"
"2487030","895"
"2487035","679"
"2487042","981"
"2487050","282"
"2487058","2734"
"2487070","354"
"2487075","364"
"2487080","340"
"2487085","930"
"2487090","7719"
"2487095","289"
"2487100","273"
"2487105","178"
"2487110","482"
"2487115","856"
"2487120","211"
"2487902","0"
"2487904","104"
"2488005","127"
"2488010","161"
"2488015","233"
"2488022","1980"
"2488030","700"
"2488035","977"
"2488040","771"
"2488045","457"
"2488050","696"
"2488055","12671"
"2488060","856"
"2488065","434"
"2488070","625"
"2488075","1138"
"2488080","229"
"2488085","757"
"2488090","786"
"2488802","538"
"2488902","15"
"2488904","203"
"2489008","31862"
"2489010","1433"
"2489015","3449"
"2489040","2953"
"2489045","1218"
"2489050","239"
"2489802","339"
"2489804","1403"
"2489902","0"
"2489908","0"
"2489910","0"
"2489912","0"
"2490012","11227"
"2490017","503"
"2490027","175"
"2490802","1194"
"2490804","2031"
"2491005","1174"
"2491010","488"
"2491015","654"
"2491020","1773"
"2491025","10227"
"2491030","824"
"2491035","2758"
"2491042","10278"
"2491050","1453"
"2491802","2213"
"2491902","28"
"2492005","400"
"2492010","464"
"2492015","1089"
"2492022","14384"
"2492030","2293"
"2492040","3137"
"2492045","677"
"2492050","390"
"2492055","1100"
"2492060","189"
"2492065","546"
"2492070","353"
"2492902","226"
"2492904","31"
"2493005","1053"
"2493012","4097"
"2493020","2441"
"2493025","1216"
"2493030","2636"
"2493035","2001"
"2493042","30904"
"2493045","2114"
"2493055","1215"
"2493060","557"
"2493065","1983"
"2493070","760"
"2493075","865"
"2493080","678"
"2493902","0"
"2493904","0"
"2493906","0"
"2493908","0"
"2494068","144746"
"2494205","727"
"2494210","1208"
"2494215","484"
"2494220","583"
"2494225","801"
"2494230","413"
"2494235","1949"
"2494240","5257"
"2494245","2657"
"2494250","868"
"2494255","3546"
"2494260","690"
"2494265","1277"
"2494926","0"
"2494928","0"
"2494930","5"
"2495005","813"
"2495010","1881"
"2495018","693"
"2495025","2000"
"2495032","1113"
"2495040","761"
"2495045","3270"
"2495050","747"
"2495802","268"
"2495902","0"
"2496005","419"
"2496010","298"
"2496015","324"
"2496020","22113"
"2496025","1973"
"2496030","1330"
"2496035","1644"
"2496040","1405"
"2496802","2420"
"2496902","86"
"2497007","25686"
"2497022","6651"
"2497035","2874"
"2497040","213"
"2497802","1485"
"2497804","1316"
"2497806","586"
"2497808","540"
"2497810","21"
"2497902","0"
"2497904","102"
"2497906","0"
"2497908","0"
"2497912","26"
"2497914","0"
"2498005","1118"
"2498010","732"
"2498012","478"
"2498014","499"
"2498015","971"
"2498020","240"
"2498025","246"
"2498030","278"
"2498035","81"
"2498040","3418"
"2498045","479"
"2498050","239"
"2498055","307"
"2498802","312"
"2498804","1016"
"2498806","841"
"2498808","453"
"2498904","0"
"2498912","0"
"2499005","2159"
"2499010","0"
"2499015","1526"
"2499020","1610"
"2499025","7541"
"2499030","0"
"2499035","0"
"2499040","0"
"2499045","0"
"2499050","0"
"2499055","0"
"2499060","1303"
"2499065","0"
"2499070","0"
"2499075","657"
"2499080","444"
"2499085","1597"
"2499090","874"
"2499095","2375"
"2499100","303"
"2499105","195"
"2499110","549"
"2499115","376"
"2499120","1692"
"2499125","615"
"2499130","696"
"2499135","1347"
"2499140","370"
"2499802","1777"
"2499804","3427"
"2499806","2206"
"2499808","712"
"2499810","767"
"2499812","1378"
"2499814","4484"
"2499816","874"
"2499818","725"
"2499877","0"
"2499878","0"
"2499879","0"
"2499883","0"
"2499887","0"
"2499888","0"
"2499889","0"
"2499890","0"
"2499891","0"
"2499892","0"
"2499893","0"
"2499894","0"
"2499902","0"
"2499904","0"
"3501005","13162"
"3501007","."
"3501011","12617"
"3501012","46340"
"3501020","10794"
"3501030","11225"
"3501042","6775"
"3501050","10251"
"3502001","3335"
"3502008","10551"
"3502010","8573"
"3502023","9196"
"3502025","11668"
"3502036","23185"
"3502044","3626"
"3502048","15247"
"3506008","883391"
"3507004","6959"
"3507006","7430"
"3507008","4284"
"3507014","9724"
"3507015","21870"
"3507017","2680"
"3507021","9277"
"3507024","5194"
"3507033","628"
"3507040","10207"
"3507042","3118"
"3507052","2850"
"3507065","15085"
"3509001","3483"
"3509004","8978"
"3509010","7487"
"3509015","5571"
"3509021","5840"
"3509024","6986"
"3509028","9809"
"3509030","12385"
"3509039","5128"
"3510005","1864"
"3510010","123363"
"3510020","18113"
"3510035","4556"
"3510045","1842"
"3511005","16221"
"3511015","15511"
"3511030","7560"
"3511035","2532"
"3512001","4150"
"3512002","1835"
"3512004","2506"
"3512005","49454"
"3512015","43086"
"3512020","4978"
"3512026","4543"
"3512030","6057"
"3512036","2197"
"3512046","4074"
"3512048","586"
"3512051","352"
"3512054","708"
"3512058","1468"
"3512061","3880"
"3512065","892"
"3512076","4168"
"3513020","25258"
"3514004","10928"
"3514014","6073"
"3514019","10702"
"3514020","16214"
"3514021","18519"
"3514024","6617"
"3514027","469"
"3514045","12604"
"3515003","4041"
"3515005","6660"
"3515008","362"
"3515013","8601"
"3515014","78698"
"3515015","16846"
"3515019","1003"
"3515023","6805"
"3515030","4523"
"3515037","2289"
"3515044","5105"
"3516010","73214"
"3518001","88721"
"3518005","109600"
"3518009","122022"
"3518013","149607"
"3518017","84548"
"3518020","21569"
"3518022","93"
"3518029","20623"
"3518039","11341"
"3519028","288301"
"3519036","301709"
"3519038","185541"
"3519044","37628"
"3519046","53203"
"3519048","79978"
"3519049","19899"
"3519054","22473"
"3519070","43517"
"3519076","275"
"3520005","2615060"
"3521005","713443"
"3521010","523911"
"3521024","59460"
"3522001","2595"
"3522008","3963"
"3522010","2726"
"3522012","7546"
"3522014","27975"
"3522016","3391"
"3522019","2839"
"3522021","5846"
"3523001","7029"
"3523008","121688"
"3523009","12380"
"3523017","10770"
"3523025","26693"
"3523033","9989"
"3523043","8334"
"3523050","11477"
"3524001","182520"
"3524002","175779"
"3524009","84362"
"3524015","59008"
"3525005","519949"
"3526003","29960"
"3526011","18424"
"3526014","6356"
"3526021","13837"
"3526028","16598"
"3526032","50631"
"3526037","17931"
"3526043","82997"
"3526047","15400"
"3526053","131400"
"3526057","22487"
"3526065","25325"
"3528018","44876"
"3528035","121"
"3528037","946"
"3528052","63175"
"3529005","35638"
"3529006","93650"
"3529020","6213"
"3529021","534"
"3530004","9334"
"3530010","126748"
"3530013","219153"
"3530016","98780"
"3530020","19223"
"3530027","10713"
"3530035","23145"
"3531011","30886"
"3531013","3993"
"3531016","6655"
"3531025","8919"
"3531030","12028"
"3531040","12631"
"3532002","10721"
"3532004","15301"
"3532012","7544"
"3532018","12146"
"3532027","8058"
"3532038","6836"
"3532042","37754"
"3532045","7359"
"3534005","6989"
"3534010","9146"
"3534011","7151"
"3534020","12743"
"3534021","37905"
"3534024","4494"
"3534030","3876"
"3534042","5157"
"3536020","103671"
"3536029","404"
"3537001","171"
"3537003","28403"
"3537013","21362"
"3537016","19600"
"3537028","21556"
"3537034","28643"
"3537039","210891"
"3537048","23610"
"3537064","34546"
"3538003","14515"
"3538004","."
"3538007","2049"
"3538015","2548"
"3538016","2930"
"3538018","704"
"3538019","5528"
"3538025","640"
"3538030","72366"
"3538031","2034"
"3538035","7576"
"3538040","10656"
"3538043","3717"
"3538056","936"
"3539002","447"
"3539005","5860"
"3539015","20978"
"3539017","762"
"3539018","160"
"3539021","1282"
"3539027","13000"
"3539033","16487"
"3539036","366151"
"3539041","6658"
"3539047","3028"
"3539060","4338"
"3540005","9945"
"3540010","7044"
"3540025","7591"
"3540028","7521"
"3540040","9264"
"3540046","3856"
"3540050","3413"
"3540055","4884"
"3540063","5582"
"3541004","5685"
"3541015","6790"
"3541024","11174"
"3541032","9432"
"3541043","6810"
"3541045","12661"
"3541055","8413"
"3541057","726"
"3541060","667"
"3541069","3744"
"3542004","12286"
"3542005","7190"
"3542015","9520"
"3542029","7490"
"3542037","6437"
"3542045","6453"
"3542047","11100"
"3542053","10404"
"3542059","21688"
"3543003","10603"
"3543005","13734"
"3543007","30234"
"3543009","18223"
"3543014","28077"
"3543015","12377"
"3543017","33079"
"3543019","9275"
"3543021","18505"
"3543023","20078"
"3543031","19241"
"3543042","135711"
"3543050","870"
"3543052","30586"
"3543064","17537"
"3543068","11232"
"3543069","1249"
"3543070","33"
"3543071","9736"
"3543072","9111"
"3543074","16572"
"3544002","11640"
"3544018","15409"
"3544027","3284"
"3544042","19056"
"3544053","6324"
"3544065","2124"
"3544071","."
"3544073","210"
"3546005","3249"
"3546015","5655"
"3546018","2156"
"3546024","5966"
"3547002","8114"
"3547003","7371"
"3547008","2485"
"3547020","1658"
"3547030","4282"
"3547033","2402"
"3547035","3763"
"3547037","432"
"3547043","2844"
"3547046","2719"
"3547048","8218"
"3547056","6921"
"3547064","14360"
"3547070","2873"
"3547075","9657"
"3547076","15988"
"3547090","2811"
"3547096","4193"
"3547098","235"
"3548001","1211"
"3548013","978"
"3548019","162"
"3548021","2023"
"3548022","568"
"3548027","2016"
"3548031","1263"
"3548034","4512"
"3548044","53651"
"3548055","14149"
"3548069","820"
"3548072","."
"3548073","1450"
"3548091","80"
"3548094","1853"
"3549003","3988"
"3549005","566"
"3549012","779"
"3549014","2317"
"3549018","841"
"3549019","1372"
"3549022","967"
"3549024","634"
"3549028","1144"
"3549031","2705"
"3549032","6191"
"3549036","1248"
"3549039","918"
"3549043","1454"
"3549046","1341"
"3549048","985"
"3549051","284"
"3549054","923"
"3549056","1049"
"3549060","3378"
"3549066","3864"
"3549071","1704"
"3549072","213"
"3549073","419"
"3549075","28"
"3549076","137"
"3549077","204"
"3549078","93"
"3549095","217"
"3549096","2199"
"3551001","406"
"3551006","1958"
"3551011","960"
"3551017","2706"
"3551021","506"
"3551026","850"
"3551027","526"
"3551028","308"
"3551034","0"
"3551040","487"
"3551041","365"
"3551042","154"
"3551043","2592"
"3551044","118"
"3551045","897"
"3551094","160"
"3551100","55"
"3552001","2442"
"3552004","1282"
"3552013","2297"
"3552023","3075"
"3552026","5364"
"3552028","551"
"3552031","477"
"3552036","505"
"3552051","394"
"3552052","193"
"3552053","31"
"3552054","84"
"3552058","79"
"3552092","2116"
"3552093","2306"
"3553005","160274"
"3553040","102"
"3554001","597"
"3554006","387"
"3554008","1133"
"3554014","523"
"3554020","10400"
"3554021","476"
"3554024","359"
"3554026","539"
"3554029","374"
"3554032","129"
"3554034","204"
"3554036","1216"
"3554038","123"
"3554042","424"
"3554044","671"
"3554049","452"
"3554052","1519"
"3554054","297"
"3554056","268"
"3554057","83"
"3554058","595"
"3554062","684"
"3554066","123"
"3554068","8133"
"3554091","0"
"3554094","2925"
"3556014","2410"
"3556027","43165"
"3556031","4595"
"3556033","126"
"3556042","5340"
"3556048","1376"
"3556052","530"
"3556056","1101"
"3556066","8196"
"3556070","817"
"3556073","214"
"3556076","5090"
"3556077","686"
"3556091","0"
"3556092","3064"
"3556093","511"
"3556094","1414"
"3556095","670"
"3556096","0"
"3556098","15"
"3556100","0"
"3556102","77"
"3556106","1725"
"3557001","237"
"3557004","261"
"3557006","145"
"3557008","1201"
"3557011","1057"
"3557014","396"
"3557016","750"
"3557019","650"
"3557021","566"
"3557026","108"
"3557028","1279"
"3557035","1723"
"3557038","3549"
"3557039","696"
"3557040","509"
"3557041","11348"
"3557051","1464"
"3557061","75141"
"3557066","1031"
"3557071","1036"
"3557072","373"
"3557073","390"
"3557074","1107"
"3557075","."
"3557076","2975"
"3557077","."
"3557078","68"
"3557079","635"
"3557091","607"
"3557094","0"
"3557095","5518"
"3557096","1050"
"3558001","1986"
"3558003","860"
"3558004","108359"
"3558011","5732"
"3558012","473"
"3558016","685"
"3558019","764"
"3558028","2737"
"3558034","338"
"3558041","942"
"3558044","1631"
"3558051","1126"
"3558054","1471"
"3558059","3353"
"3558060","193"
"3558061","96"
"3558062","395"
"3558063","75"
"3558064","303"
"3558065","210"
"3558066","2105"
"3558067","167"
"3558068","367"
"3558069","182"
"3558075","4724"
"3558076","361"
"3558077","0"
"3558080","100"
"3558085","153"
"3558090","5909"
"3558095","0"
"3558097","260"
"3558100","0"
"3559001","2787"
"3559011","864"
"3559012","7952"
"3559016","988"
"3559019","1252"
"3559024","741"
"3559026","314"
"3559031","474"
"3559040","563"
"3559042","842"
"3559047","296"
"3559048","0"
"3559051","249"
"3559052","0"
"3559053","119"
"3559060","192"
"3559061","93"
"3559062","0"
"3559063","796"
"3559064","159"
"3559065","0"
"3559066","271"
"3559068","215"
"3559069","5"
"3559090","1159"
"3559092","39"
"3560001","1202"
"3560004","670"
"3560005","79"
"3560007","0"
"3560008","720"
"3560010","15348"
"3560021","935"
"3560024","227"
"3560027","7617"
"3560032","1026"
"3560034","5037"
"3560042","4366"
"3560046","186"
"3560049","425"
"3560050","1520"
"3560051","."
"3560052","190"
"3560053","."
"3560054","489"
"3560055","425"
"3560056","872"
"3560057","184"
"3560058","639"
"3560059","."
"3560060","86"
"3560061","832"
"3560063","387"
"3560064","97"
"3560065","46"
"3560066","394"
"3560067","."
"3560068","388"
"3560069","362"
"3560070","763"
"3560071","1861"
"3560075","904"
"3560076","."
"3560077","."
"3560078","334"
"3560079","."
"3560080","263"
"3560081","0"
"3560082","101"
"3560083","126"
"3560084","75"
"3560085","."
"3560086","."
"3560088","368"
"3560089","195"
"3560090","7031"
"3560091","237"
"3560093","."
"3560095","."
"3560096","."
"3560097","260"
"3560098","."
"3560100","."
"3560102","0"
"3560104","340"
"4601035","1535"
"4601039","1720"
"4601043","1285"
"4601046","1548"
"4601051","1444"
"4601057","2671"
"4601060","1328"
"4601070","162"
"4601071","2983"
"4601075","1314"
"4601078","374"
"4601079","0"
"4601082","0"
"4601094","967"
"4602025","1768"
"4602026","107"
"4602027","588"
"4602032","3450"
"4602037","1099"
"4602041","14026"
"4602044","13524"
"4602046","3540"
"4602053","5198"
"4602057","4686"
"4602061","1626"
"4602069","10284"
"4602075","5478"
"4603030","1309"
"4603033","671"
"4603036","4373"
"4603038","556"
"4603040","4088"
"4603042","843"
"4603047","8356"
"4603050","10670"
"4603053","7812"
"4603058","1397"
"4603062","1058"
"4603065","2999"
"4603067","1797"
"4603072","2394"
"4603074","3027"
"4604033","1561"
"4604035","808"
"4604039","913"
"4604044","635"
"4604046","384"
"4604051","932"
"4604053","308"
"4604057","1071"
"4604063","1884"
"4604066","439"
"4604068","371"
"4605025","3233"
"4605031","698"
"4605033","1572"
"4605037","508"
"4605039","977"
"4605043","469"
"4605047","183"
"4605050","413"
"4605052","1069"
"4605055","574"
"4605058","323"
"4605061","420"
"4605063","415"
"4605067","645"
"4605070","780"
"4605076","643"
"4606015","789"
"4606018","383"
"4606023","1447"
"4606028","1526"
"4606029","288"
"4606030","471"
"4606034","3114"
"4606037","860"
"4606040","1147"
"4607038","838"
"4607041","645"
"4607045","1056"
"4607047","562"
"4607051","602"
"4607053","1837"
"4607057","1533"
"4607060","4378"
"4607062","46061"
"4607065","1860"
"4607068","1669"
"4607071","1257"
"4607075","830"
"4607077","1189"
"4608031","1125"
"4608033","683"
"4608038","616"
"4608042","1119"
"4608045","2799"
"4608048","963"
"4608054","723"
"4608059","1878"
"4608061","879"
"4608066","311"
"4608069","2509"
"4608072","522"
"4609017","2025"
"4609020","590"
"4609024","6525"
"4609025","1078"
"4609026","111"
"4609027","164"
"4609029","12996"
"4610035","6280"
"4610043","3153"
"4610052","1240"
"4611040","663617"
"4611042","3215"
"4612047","14069"
"4612054","4635"
"4612056","3126"
"4613032","9046"
"4613037","4932"
"4613043","11875"
"4613047","9834"
"4613049","696"
"4613056","10505"
"4613062","."
"4614015","1352"
"4614031","3521"
"4614036","7964"
"4614039","4536"
"4614042","1124"
"4615018","767"
"4615020","3629"
"4615023","533"
"4615027","570"
"4615029","417"
"4615033","526"
"4615036","420"
"4615038","868"
"4615041","871"
"4615042","407"
"4615046","325"
"4615048","392"
"4615049","5"
"4615051","254"
"4615055","632"
"4615057","664"
"4615061","1229"
"4615064","744"
"4615067","450"
"4615069","864"
"4615071","343"
"4615072","0"
"4615073","644"
"4615075","2587"
"4615078","1627"
"4615091","414"
"4615093","487"
"4615095","935"
"4616002","494"
"4616007","552"
"4616017","1219"
"4616019","460"
"4616024","459"
"4616025","72"
"4616029","425"
"4616032","1669"
"4616038","930"
"4616045","426"
"4616046","364"
"4616049","1084"
"4616052","1774"
"4617026","1270"
"4617029","1297"
"4617034","476"
"4617036","472"
"4617040","771"
"4617042","1023"
"4617045","945"
"4617048","2200"
"4617050","8251"
"4617053","812"
"4617055","811"
"4617057","649"
"4617060","859"
"4617063","354"
"4617067","275"
"4617071","539"
"4617073","647"
"4617076","456"
"4617092","101"
"4618031","5845"
"4618034","1011"
"4618037","1835"
"4618040","1305"
"4618044","1351"
"4618052","846"
"4618055","680"
"4618057","1360"
"4618060","1354"
"4618063","399"
"4618067","989"
"4618068","1704"
"4618071","2976"
"4618074","1152"
"4618077","538"
"4618091","124"
"4618093","0"
"4619045","2953"
"4619050","2099"
"4619051","847"
"4619052","643"
"4619053","627"
"4619054","521"
"4619056","1160"
"4619058","30"
"4619059","2609"
"4619060","0"
"4619061","229"
"4619062","."
"4619065","826"
"4619068","503"
"4619069","383"
"4619070","685"
"4619071","49"
"4619072","802"
"4619075","848"
"4619077","1028"
"4619079","388"
"4619082","10"
"4620032","467"
"4620037","996"
"4620039","522"
"4620041","2546"
"4620043","377"
"4620048","3907"
"4620052","298"
"4620055","637"
"4620066","82"
"4620069","120"
"4621025","239"
"4621027","716"
"4621029","1134"
"4621033","181"
"4621034","32"
"4621035","20"
"4621040","162"
"4621043","2319"
"4621045","5513"
"4621052","2272"
"4621058","963"
"4621064","5363"
"4621071","723"
"4621078","1756"
"4622017","10"
"4622026","12829"
"4622046","2205"
"4622048","2776"
"4622049","1341"
"4622050","1864"
"4622051","1751"
"4622052","1937"
"4622055","596"
"4622056","781"
"4622058","4758"
"4622059","2399"
"4622063","2107"
"4622064","141"
"4622065","450"
"4622067","696"
"4622800","1411"
"4622801","2871"
"4623022","1281"
"4623025","72"
"4623027","193"
"4623034","453"
"4623037","767"
"4623039","16"
"4623047","482"
"4623056","813"
"4623058","321"
"4623060","0"
"4623062","5"
"4623064","1826"
"4623065","547"
"4623067","816"
"4623071","998"
"4701001","270"
"4701002","291"
"4701004","236"
"4701006","383"
"4701008","1126"
"4701011","452"
"4701012","144"
"4701014","1285"
"4701016","382"
"4701017","166"
"4701018","143"
"4701019","153"
"4701021","780"
"4701022","1139"
"4701024","11054"
"4701027","490"
"4701031","399"
"4701032","713"
"4701036","372"
"4701037","342"
"4701039","386"
"4701041","131"
"4701043","304"
"4701044","93"
"4701047","536"
"4701048","41"
"4701049","975"
"4701053","480"
"4701054","322"
"4701056","1441"
"4701058","238"
"4701059","649"
"4701061","139"
"4701063","270"
"4701064","35"
"4701066","694"
"4701067","40"
"4701069","315"
"4701072","246"
"4701076","559"
"4701077","241"
"4701078","560"
"4701079","258"
"4701091","338"
"4701094","319"
"4701096","365"
"4701098","40"
"4701808","738"
"4701809","160"
"4701810","5"
"4701811","0"
"4701812","5"
"4701813","15"
"4701814","10"
"4701815","0"
"4701816","0"
"4701817","5"
"4701818","0"
"4701819","60"
"4702001","304"
"4702002","236"
"4702006","240"
"4702008","25"
"4702011","250"
"4702012","30"
"4702014","193"
"4702015","58"
"4702016","60"
"4702018","148"
"4702023","313"
"4702024","329"
"4702026","230"
"4702028","99"
"4702029","321"
"4702031","860"
"4702033","304"
"4702036","35"
"4702037","524"
"4702038","108"
"4702039","562"
"4702041","246"
"4702042","398"
"4702044","1048"
"4702047","10484"
"4702048","125"
"4702051","308"
"4702052","259"
"4702054","214"
"4702057","287"
"4702058","368"
"4702061","210"
"4702062","398"
"4702066","257"
"4702067","618"
"4702069","176"
"4702071","200"
"4702072","440"
"4702073","356"
"4702076","255"
"4702077","20"
"4702078","255"
"4702079","115"
"4702800","0"
"4703001","264"
"4703004","711"
"4703006","200"
"4703009","400"
"4703011","395"
"4703012","25"
"4703016","73"
"4703018","322"
"4703019","211"
"4703022","359"
"4703026","361"
"4703028","286"
"4703029","427"
"4703034","302"
"4703036","2418"
"4703038","403"
"4703041","115"
"4703042","324"
"4703044","406"
"4703048","239"
"4703051","114"
"4703052","50"
"4703054","354"
"4703058","605"
"4703059","499"
"4703061","83"
"4703062","152"
"4703064","205"
"4703068","306"
"4703071","1116"
"4703074","240"
"4703092","327"
"4703093","160"
"4703096","224"
"4703801","15"
"4704002","98"
"4704003","405"
"4704006","145"
"4704008","30"
"4704009","182"
"4704011","371"
"4704012","351"
"4704019","399"
"4704021","84"
"4704024","478"
"4704026","527"
"4704028","157"
"4704029","78"
"4704034","284"
"4704036","1756"
"4704038","345"
"4704045","1154"
"4704048","2176"
"4704050","324"
"4704054","440"
"4704056","30"
"4704058","340"
"4704061","607"
"4704802","118"
"4705001","504"
"4705002","83"
"4705004","2485"
"4705006","135"
"4705007","333"
"4705009","333"
"4705011","466"
"4705014","421"
"4705016","1051"
"4705018","373"
"4705019","215"
"4705021","176"
"4705024","864"
"4705027","405"
"4705028","481"
"4705029","1049"
"4705031","574"
"4705033","297"
"4705034","950"
"4705037","533"
"4705038","857"
"4705041","366"
"4705042","105"
"4705043","204"
"4705044","114"
"4705047","572"
"4705048","1148"
"4705049","53"
"4705050","17"
"4705051","816"
"4705052","2472"
"4705053","0"
"4705054","46"
"4705055","103"
"4705056","341"
"4705057","495"
"4705058","70"
"4705059","184"
"4705060","10"
"4705061","20"
"4705062","74"
"4705063","446"
"4705064","272"
"4705066","274"
"4705067","516"
"4705068","30"
"4705069","45"
"4705071","40"
"4705073","858"
"4705074","4517"
"4705077","673"
"4705078","474"
"4705079","364"
"4705093","673"
"4705094","743"
"4705096","65"
"4705803","672"
"4705804","523"
"4705805","311"
"4705806","540"
"4705807","132"
"4705808","39"
"4705814","0"
"4705818","5"
"4705821","0"
"4705822","0"
"4705823","0"
"4705824","0"
"4705825","0"
"4705826","0"
"4706001","488"
"4706002","476"
"4706003","77"
"4706004","676"
"4706006","239"
"4706007","374"
"4706008","337"
"4706009","176"
"4706011","993"
"4706013","350"
"4706014","339"
"4706016","250"
"4706017","453"
"4706018","111"
"4706019","65"
"4706021","471"
"4706022","66"
"4706023","532"
"4706026","929"
"4706027","193100"
"4706028","571"
"4706029","4167"
"4706030","1894"
"4706031","1848"
"4706032","1625"
"4706033","238"
"4706034","1271"
"4706036","668"
"4706037","304"
"4706038","380"
"4706039","1815"
"4706041","120"
"4706042","387"
"4706045","187"
"4706046","196"
"4706047","617"
"4706048","728"
"4706049","218"
"4706050","403"
"4706051","2034"
"4706052","187"
"4706053","1733"
"4706054","111"
"4706055","524"
"4706056","1631"
"4706057","35"
"4706058","1081"
"4706059","512"
"4706060","35"
"4706061","400"
"4706062","50"
"4706063","266"
"4706064","88"
"4706065","45"
"4706067","169"
"4706068","77"
"4706069","25"
"4706070","962"
"4706071","575"
"4706072","213"
"4706073","102"
"4706074","752"
"4706075","101"
"4706076","25"
"4706077","95"
"4706078","234"
"4706079","239"
"4706080","65"
"4706081","49"
"4706082","15"
"4706085","65"
"4706091","554"
"4706092","778"
"4706093","72"
"4706094","579"
"4706096","424"
"4706097","218"
"4706098","372"
"4706099","220"
"4706809","464"
"4706810","673"
"4706811","651"
"4706812","546"
"4706813","365"
"4706814","165"
"4706815","226"
"4706816","497"
"4706818","201"
"4706820","97"
"4706828","0"
"4706829","10"
"4707001","594"
"4707004","114"
"4707006","101"
"4707008","30"
"4707011","227"
"4707012","20"
"4707014","434"
"4707016","172"
"4707018","582"
"4707020","40"
"4707021","959"
"4707022","297"
"4707023","65"
"4707024","401"
"4707026","759"
"4707027","240"
"4707028","30"
"4707029","147"
"4707031","218"
"4707032","149"
"4707034","289"
"4707036","516"
"4707037","1068"
"4707038","1147"
"4707039","33274"
"4707042","252"
"4707043","91"
"4707044","92"
"4707045","46"
"4707046","0"
"4707047","230"
"4707048","50"
"4707049","139"
"4707051","48"
"4707053","270"
"4707054","365"
"4707058","149"
"4707059","287"
"4707062","239"
"4707063","443"
"4707066","217"
"4707067","420"
"4707068","40"
"4707071","167"
"4707072","114"
"4707074","66"
"4707076","196"
"4707077","92"
"4707091","299"
"4707092","453"
"4707093","10"
"4708001","2032"
"4708004","15503"
"4708006","533"
"4708008","58"
"4708009","201"
"4708011","989"
"4708012","170"
"4708016","148"
"4708018","35"
"4708021","140"
"4708022","154"
"4708024","345"
"4708026","260"
"4708028","204"
"4708029","95"
"4708031","490"
"4708032","399"
"4708034","120"
"4708036","40"
"4708038","462"
"4708039","76"
"4708042","572"
"4708044","437"
"4708046","374"
"4708047","10"
"4708048","115"
"4708049","61"
"4708053","211"
"4708054","97"
"4708056","284"
"4708057","124"
"4708058","821"
"4708059","35"
"4708061","223"
"4708062","301"
"4708065","480"
"4708068","508"
"4708071","400"
"4708074","452"
"4708076","1031"
"4708092","495"
"4708094","477"
"4709001","322"
"4709002","97"
"4709006","879"
"4709009","158"
"4709011","1860"
"4709012","15669"
"4709014","175"
"4709016","534"
"4709019","412"
"4709023","325"
"4709024","130"
"4709028","345"
"4709029","684"
"4709032","2219"
"4709033","520"
"4709037","580"
"4709038","87"
"4709039","1825"
"4709042","235"
"4709044","283"
"4709046","417"
"4709049","406"
"4709053","225"
"4709054","334"
"4709056","75"
"4709058","247"
"4709060","511"
"4709061","162"
"4709062","859"
"4709064","1070"
"4709065","94"
"4709066","620"
"4709067","669"
"4709069","79"
"4709071","114"
"4709072","435"
"4709075","311"
"4709076","40"
"4709819","757"
"4709820","423"
"4709821","127"
"4709822","0"
"4709824","0"
"4709826","0"
"4709828","0"
"4709830","0"
"4709832","0"
"4710002","46"
"4710003","435"
"4710004","711"
"4710008","362"
"4710009","216"
"4710011","37"
"4710012","125"
"4710014","267"
"4710022","204"
"4710024","567"
"4710027","568"
"4710028","111"
"4710029","246"
"4710031","447"
"4710034","15"
"4710035","23"
"4710036","587"
"4710038","1148"
"4710041","432"
"4710043","96"
"4710046","587"
"4710047","1767"
"4710051","15"
"4710052","259"
"4710054","126"
"4710056","490"
"4710058","427"
"4710061","387"
"4710062","777"
"4710064","409"
"4710066","336"
"4710068","1306"
"4710071","818"
"4710072","100"
"4710822","606"
"4710823","1017"
"4710824","155"
"4710825","782"
"4710826","489"
"4710828","10"
"4710832","0"
"4710834","5"
"4710836","5"
"4710838","0"
"4710840","15"
"4710842","0"
"4710843","0"
"4710844","0"
"4710845","0"
"4710846","0"
"4710847","10"
"4710848","0"
"4710849","5"
"4710850","0"
"4710851","0"
"4710852","0"
"4710854","0"
"4711002","97"
"4711003","267"
"4711004","216"
"4711006","200"
"4711007","30"
"4711008","349"
"4711009","88"
"4711011","249"
"4711014","1025"
"4711016","245"
"4711018","346"
"4711019","314"
"4711021","107"
"4711022","40"
"4711024","50"
"4711026","496"
"4711027","2204"
"4711028","71"
"4711029","59"
"4711031","515"
"4711032","522"
"4711034","307"
"4711036","285"
"4711038","60"
"4711039","205"
"4711041","131"
"4711042","150"
"4711044","397"
"4711046","547"
"4711048","202"
"4711049","1390"
"4711052","316"
"4711053","1857"
"4711054","257"
"4711056","239"
"4711058","35"
"4711059","209"
"4711060","157"
"4711061","1148"
"4711063","693"
"4711064","220"
"4711065","8354"
"4711066","222189"
"4711067","1290"
"4711068","7084"
"4711069","1787"
"4711070","7716"
"4711071","230"
"4711072","648"
"4711073","1702"
"4711074","89"
"4711075","1088"
"4711076","240"
"4711077","386"
"4711078","84"
"4711079","475"
"4711091","371"
"4711092","252"
"4711094","75"
"4711096","464"
"4711828","351"
"4712001","345"
"4712004","532"
"4712006","2317"
"4712008","80"
"4712011","283"
"4712012","181"
"4712014","88"
"4712016","318"
"4712019","65"
"4712020","511"
"4712022","176"
"4712026","712"
"4712029","224"
"4712031","25"
"4712032","213"
"4712034","372"
"4712038","333"
"4712042","820"
"4712046","2161"
"4712050","463"
"4712051","362"
"4712052","45"
"4712054","2714"
"4712056","975"
"4712058","377"
"4712059","603"
"4712064","580"
"4712069","267"
"4712072","198"
"4712078","1099"
"4712079","4065"
"4712829","603"
"4712830","462"
"4712832","81"
"4712833","578"
"4712837","0"
"4713002","127"
"4713004","25"
"4713006","987"
"4713008","4678"
"4713009","117"
"4713011","312"
"4713014","47"
"4713016","150"
"4713019","253"
"4713021","61"
"4713022","60"
"4713024","258"
"4713026","311"
"4713028","324"
"4713029","212"
"4713031","131"
"4713032","340"
"4713033","10"
"4713038","220"
"4713039","55"
"4713041","260"
"4713042","1061"
"4713044","566"
"4713046","260"
"4713049","614"
"4713051","1415"
"4713053","45"
"4713054","135"
"4713056","369"
"4713059","410"
"4713062","75"
"4713064","235"
"4713067","139"
"4713068","506"
"4713069","1301"
"4713072","361"
"4713074","2389"
"4713076","195"
"4713078","46"
"4713079","547"
"4713091","284"
"4713092","563"
"4713094","448"
"4713096","359"
"4713098","517"
"4713835","636"
"4713836","675"
"4714001","1122"
"4714004","1477"
"4714006","820"
"4714007","855"
"4714009","42"
"4714021","499"
"4714022","864"
"4714023","527"
"4714024","296"
"4714025","55"
"4714026","447"
"4714028","242"
"4714030","76"
"4714032","686"
"4714034","498"
"4714035","611"
"4714036","200"
"4714038","900"
"4714039","73"
"4714041","199"
"4714043","916"
"4714044","3180"
"4714047","911"
"4714048","15"
"4714049","460"
"4714051","5576"
"4714053","693"
"4714056","629"
"4714058","80"
"4714059","453"
"4714061","187"
"4714062","326"
"4714067","1131"
"4714068","90"
"4714069","1000"
"4714072","1030"
"4714073","71"
"4714074","205"
"4714076","4265"
"4714077","1468"
"4714079","364"
"4714091","65"
"4714092","381"
"4714093","181"
"4714839","622"
"4714840","389"
"4714841","547"
"4714842","365"
"4714845","820"
"4714846","286"
"4715001","790"
"4715002","247"
"4715003","98"
"4715004","422"
"4715005","219"
"4715006","297"
"4715007","885"
"4715008","5678"
"4715011","493"
"4715012","574"
"4715014","425"
"4715016","172"
"4715017","353"
"4715018","1016"
"4715019","599"
"4715026","1240"
"4715027","562"
"4715028","1035"
"4715029","287"
"4715031","2015"
"4715032","1572"
"4715034","878"
"4715036","304"
"4715038","55"
"4715039","706"
"4715041","770"
"4715042","985"
"4715043","30"
"4715044","620"
"4715045","65"
"4715046","82"
"4715047","242"
"4715048","536"
"4715049","590"
"4715051","751"
"4715052","63"
"4715054","651"
"4715057","969"
"4715059","449"
"4715061","867"
"4715062","577"
"4715064","3580"
"4715066","35129"
"4715067","663"
"4715068","1064"
"4715070","765"
"4715071","531"
"4715072","196"
"4715074","743"
"4715075","884"
"4715076","266"
"4715079","641"
"4715085","140"
"4715091","75"
"4715092","205"
"4715094","3658"
"4715098","163"
"4715099","966"
"4715844","645"
"4715845","1322"
"4715846","0"
"4715847","688"
"4715848","306"
"4715849","674"
"4715850","508"
"4715851","293"
"4715853","389"
"4715857","18"
"4715859","29"
"4715861","5"
"4715862","10"
"4716002","76"
"4716003","20"
"4716004","146"
"4716005","389"
"4716008","499"
"4716009","505"
"4716011","245"
"4716013","288"
"4716014","158"
"4716016","510"
"4716018","372"
"4716019","15"
"4716022","397"
"4716023","331"
"4716024","65"
"4716026","30"
"4716027","164"
"4716028","733"
"4716029","13888"
"4716033","319"
"4716034","127"
"4716038","376"
"4716041","775"
"4716042","413"
"4716043","33"
"4716044","125"
"4716046","1533"
"4716047","1433"
"4716051","1424"
"4716052","308"
"4716053","66"
"4716054","358"
"4716056","1382"
"4716057","99"
"4716058","916"
"4716059","45"
"4716060","38"
"4716061","366"
"4716062","513"
"4716063","120"
"4716072","639"
"4716075","855"
"4716077","167"
"4716854","438"
"4716855","795"
"4716856","1225"
"4716857","0"
"4716858","1636"
"4716860","1354"
"4716861","17"
"4716862","353"
"4716863","751"
"4716870","0"
"4716872","10"
"4716880","0"
"4716882","0"
"4716886","5"
"4716888","0"
"4716890","0"
"4716891","0"
"4716892","0"
"4716894","0"
"4717001","936"
"4717002","122"
"4717004","89"
"4717005","84"
"4717006","307"
"4717008","360"
"4717011","444"
"4717013","268"
"4717014","151"
"4717017","751"
"4717018","1156"
"4717019","154"
"4717022","1494"
"4717024","967"
"4717026","533"
"4717028","1734"
"4717029","9772"
"4717032","1438"
"4717034","515"
"4717036","716"
"4717039","160"
"4717041","525"
"4717042","84"
"4717045","1224"
"4717047","631"
"4717048","397"
"4717052","5045"
"4717053","23"
"4717054","2677"
"4717055","147"
"4717056","725"
"4717057","97"
"4717058","314"
"4717062","1017"
"4717066","281"
"4717067","551"
"4717801","2612"
"4717802","410"
"4717803","792"
"4717804","43"
"4717805","506"
"4717806","670"
"4717807","905"
"4717808","5"
"4717809","818"
"4717810","220"
"4717811","."
"4717812","748"
"4717813","451"
"4717815","16"
"4717816","90"
"4717819","5"
"4717820","0"
"4717825","0"
"4718005","772"
"4718012","93"
"4718015","135"
"4718021","418"
"4718023","28"
"4718028","230"
"4718030","187"
"4718033","756"
"4718041","2304"
"4718042","1043"
"4718049","669"
"4718051","1498"
"4718052","229"
"4718055","790"
"4718058","1233"
"4718062","39"
"4718065","978"
"4718067","1365"
"4718069","64"
"4718070","1153"
"4718071","100"
"4718072","66"
"4718074","2611"
"4718075","0"
"4718090","1641"
"4718100","243"
"4718801","715"
"4718802","999"
"4718803","1634"
"4718807","115"
"4718808","618"
"4718809","1914"
"4718810","0"
"4718811","400"
"4718812","644"
"4718813","0"
"4718814","482"
"4718817","716"
"4718818","764"
"4718819","419"
"4718820","1913"
"4718821","61"
"4718822","904"
"4718823","0"
"4718824","874"
"4718825","51"
"4718828","1070"
"4718829","19"
"4718831","337"
"4718832","1251"
"4718833","0"
"4718839","778"
"4718844","0"
"4718846","0"
"4718847","0"
"4718849","0"
"4718852","1194"
"4718854","40"
"4801003","7214"
"4801006","60005"
"4801008","3336"
"4801009","526"
"4801014","2025"
"4801018","5588"
"4802001","3841"
"4802002","277"
"4802004","811"
"4802006","331"
"4802008","3743"
"4802009","1090"
"4802011","10061"
"4802012","83517"
"4802013","1963"
"4802014","1000"
"4802016","315"
"4802018","1650"
"4802019","7493"
"4802021","6851"
"4802022","8104"
"4802023","771"
"4802029","1288"
"4802031","6786"
"4802032","352"
"4802034","13676"
"4802036","992"
"4802038","342"
"4802039","1282"
"4803001","4167"
"4803002","2217"
"4803003","88"
"4803004","3580"
"4803006","287"
"4803008","186"
"4803011","3158"
"4803014","3685"
"4803016","236"
"4803018","5107"
"4803019","3117"
"4803021","447"
"4803022","3758"
"4803024","505"
"4803026","2132"
"4803801","1217"
"4803802","4679"
"4803803","0"
"4804001","495"
"4804004","2025"
"4804006","188"
"4804011","2673"
"4804012","1122"
"4804014","973"
"4804016","134"
"4804019","178"
"4804020","1352"
"4804021","249"
"4804022","689"
"4805001","3875"
"4805002","367"
"4805004","378"
"4805006","1836"
"4805008","173"
"4805009","122"
"4805011","188"
"4805012","8285"
"4805018","12305"
"4805019","176"
"4805021","379"
"4805022","325"
"4805026","8029"
"4805031","2057"
"4805034","186"
"4805036","204"
"4805038","245"
"4805041","4921"
"4805042","592"
"4805044","653"
"4805046","725"
"4805048","3198"
"4805049","1072"
"4805802","2972"
"4806001","21258"
"4806006","12920"
"4806008","307"
"4806009","2167"
"4806011","2373"
"4806012","24511"
"4806014","36461"
"4806016","1096833"
"4806017","14824"
"4806019","17580"
"4806021","42564"
"4806022","1162"
"4806024","785"
"4806026","2853"
"4806028","12359"
"4806029","3442"
"4806031","457"
"4806032","4957"
"4806034","8235"
"4806036","2610"
"4806803","587"
"4806804","1777"
"4807001","2288"
"4807002","2041"
"4807004","167"
"4807006","230"
"4807008","207"
"4807011","2029"
"4807012","947"
"4807014","932"
"4807016","121"
"4807019","5089"
"4807021","364"
"4807022","25"
"4807024","175"
"4807026","5748"
"4807027","91"
"4807028","84"
"4807029","259"
"4807031","3244"
"4807032","174"
"4807034","119"
"4807036","831"
"4807038","151"
"4807039","807"
"4807041","228"
"4807042","981"
"4807044","857"
"4807046","233"
"4807048","639"
"4807049","4138"
"4807051","334"
"4807052","317"
"4807054","5925"
"4807056","457"
"4808001","18351"
"4808002","313"
"4808004","830"
"4808005","203"
"4808006","1241"
"4808008","7876"
"4808009","2375"
"4808011","90564"
"4808012","12327"
"4808013","232"
"4808022","10312"
"4808023","112"
"4808024","1125"
"4808025","38"
"4808026","1073"
"4808027","69"
"4808028","122"
"4808029","6300"
"4808031","11707"
"4808032","675"
"4808034","830"
"4808038","8856"
"4808039","6773"
"4808042","124"
"4808044","2378"
"4808811","3746"
"4808812","38"
"4808813","653"
"4809002","12278"
"4809005","16"
"4809010","501"
"4809015","6933"
"4809806","751"
"4809809","677"
"4809810","134"
"4810001","7721"
"4810002","873"
"4810003","190"
"4810004","181"
"4810006","168"
"4810008","283"
"4810009","403"
"4810011","17286"
"4810012","224"
"4810014","425"
"4810016","5689"
"4810018","2182"
"4810019","497"
"4810021","381"
"4810022","1041"
"4810026","3278"
"4810028","5717"
"4810031","220"
"4810032","105"
"4810034","803"
"4810036","7905"
"4810038","174"
"4810039","18032"
"4810041","846"
"4810042","3930"
"4810044","612"
"4810046","201"
"4810048","3160"
"4810051","370"
"4810052","1379"
"4810056","275"
"4810058","3872"
"4810059","379"
"4810061","855"
"4810062","284"
"4810064","1753"
"4810066","1155"
"4810068","10"
"4810805","180"
"4811001","10866"
"4811002","12525"
"4811003","15"
"4811004","108"
"4811005","80"
"4811006","90"
"4811007","46"
"4811008","113"
"4811009","52"
"4811011","2092"
"4811012","13541"
"4811013","13284"
"4811016","24279"
"4811018","6510"
"4811019","1970"
"4811020","82"
"4811021","797"
"4811022","20"
"4811023","141"
"4811024","789"
"4811026","496"
"4811031","7049"
"4811032","7201"
"4811034","30568"
"4811038","143"
"4811039","10"
"4811041","15"
"4811042","26"
"4811044","10"
"4811045","661"
"4811046","533"
"4811048","15051"
"4811049","26171"
"4811052","92490"
"4811056","19051"
"4811059","19578"
"4811061","812201"
"4811062","61466"
"4811064","3030"
"4811065","1915"
"4811066","1488"
"4811068","8569"
"4811069","1225"
"4811801","1874"
"4811802","485"
"4811803","1309"
"4811804","987"
"4811805","1027"
"4811806","1069"
"4811807","17"
"4812002","13839"
"4812004","11191"
"4812009","6216"
"4812011","95"
"4812012","486"
"4812013","162"
"4812014","5831"
"4812016","1412"
"4812018","5400"
"4812020","37"
"4812022","3910"
"4812024","249"
"4812026","255"
"4812029","1022"
"4812037","8402"
"4812802","813"
"4812804","484"
"4812806","."
"4812808","1188"
"4812810","594"
"4812811","1065"
"4812813","45"
"4812815","149"
"4812828","423"
"4812840","159"
"4813001","10260"
"4813002","1398"
"4813003","36"
"4813005","157"
"4813006","121"
"4813007","124"
"4813008","137"
"4813009","19"
"4813010","85"
"4813011","221"
"4813012","865"
"4813013","45"
"4813014","1039"
"4813015","35"
"4813016","223"
"4813017","149"
"4813018","6096"
"4813019","4432"
"4813028","7644"
"4813029","4306"
"4813030","9605"
"4813031","4823"
"4813032","503"
"4813033","38"
"4813036","3417"
"4813044","7662"
"4813045","79"
"4813046","916"
"4813047","44"
"4813048","2990"
"4813049","243"
"4813051","72"
"4813053","106"
"4813055","52"
"4813057","52"
"4813061","108"
"4813811","817"
"4814003","10469"
"4814019","9640"
"4814024","8475"
"4814028","0"
"4815007","5565"
"4815013","249"
"4815015","1341"
"4815023","12288"
"4815027","81"
"4815030","42"
"4815032","1175"
"4815033","4051"
"4815035","7584"
"4815037","34"
"4815045","79"
"4815802","3494"
"4816037","65565"
"4816051","590"
"4816817","295"
"4816821","274"
"4816822","0"
"4816831","5"
"4816849","0"
"4816850","84"
"4816852","111"
"4816855","0"
"4816856","0"
"4816857","0"
"4816858","0"
"4816859","562"
"4816860","30"
"4816861","0"
"4817021","2600"
"4817024","1465"
"4817026","1791"
"4817027","5912"
"4817029","6782"
"4817031","3074"
"4817033","2929"
"4817039","362"
"4817062","2801"
"4817064","380"
"4817076","4117"
"4817078","1164"
"4817093","3641"
"4817095","10927"
"4817097","870"
"4817817","254"
"4817818","152"
"4817819","738"
"4817821","250"
"4817822","182"
"4817823","885"
"4817824","644"
"4817825","0"
"4817827","121"
"4817828","800"
"4817829","677"
"4817830","5"
"4817831","312"
"4817832","48"
"4817833","20"
"4817835","1875"
"4817836","115"
"4817837","1123"
"4817838","202"
"4817840","163"
"4817841","16"
"4817842","213"
"4817843","188"
"4817845","949"
"4817848","492"
"4817849","292"
"4817852","0"
"4817853","387"
"4817854","0"
"4817855","129"
"4817856","706"
"4817857","143"
"4817858","0"
"4817859","97"
"4817860","511"
"4818002","1969"
"4818005","4319"
"4818015","5299"
"4818018","1761"
"4818816","1162"
"4818818","24"
"4819006","20347"
"4819008","820"
"4819009","2365"
"4819011","1383"
"4819012","55032"
"4819014","2418"
"4819038","6744"
"4819041","2126"
"4819042","809"
"4819044","305"
"4819046","1075"
"4819048","266"
"4819049","1582"
"4819054","713"
"4819056","628"
"4819058","1025"
"4819059","2288"
"4819066","1673"
"4819068","3162"
"4819071","1344"
"4819072","526"
"4819074","2515"
"4819815","402"
"4819826","164"
"5901003","2523"
"5901006","3667"
"5901012","4448"
"5901017","1899"
"5901019","1746"
"5901022","19319"
"5901028","6652"
"5901035","5713"
"5901037","1634"
"5901039","2955"
"5901040","777"
"5901043","715"
"5901046","2635"
"5901048","1412"
"5901801","57"
"5901802","0"
"5901803","104"
"5901804","131"
"5901805","5"
"5901806","293"
"5903004","5306"
"5903010","2030"
"5903011","1139"
"5903013","4464"
"5903015","10230"
"5903017","1372"
"5903019","296"
"5903023","1026"
"5903027","195"
"5903032","504"
"5903039","1413"
"5903041","3781"
"5903043","3976"
"5903045","7816"
"5903047","1597"
"5903050","1569"
"5903052","4289"
"5903056","2570"
"5903058","2996"
"5903060","1759"
"5903807","113"
"5905005","2016"
"5905009","1030"
"5905014","7681"
"5905018","1700"
"5905023","3556"
"5905026","1845"
"5905030","1395"
"5905032","3985"
"5905037","674"
"5905042","708"
"5905050","1391"
"5905052","3187"
"5905054","1970"
"5907005","4845"
"5907009","1330"
"5907014","4824"
"5907022","1892"
"5907024","2724"
"5907026","1140"
"5907028","3473"
"5907035","11280"
"5907041","32877"
"5907047","5717"
"5907049","1844"
"5907051","2100"
"5907053","2314"
"5907055","1768"
"5907801","50"
"5907802","628"
"5907803","1667"
"5907805","70"
"5907806","25"
"5907807","76"
"5907808","25"
"5907809","73"
"5909009","5969"
"5909014","442"
"5909016","721"
"5909020","77936"
"5909027","1468"
"5909032","5664"
"5909034","1346"
"5909036","3358"
"5909048","973"
"5909052","133497"
"5909056","36426"
"5909060","1303"
"5909062","1764"
"5909804","163"
"5909805","0"
"5909806","32"
"5909807","77"
"5909808","5"
"5909809","0"
"5909810","21"
"5909812","132"
"5909814","0"
"5909815","0"
"5909816","32"
"5909817","36"
"5909818","10"
"5909819","88"
"5909821","342"
"5909824","216"
"5909825","10"
"5909826","98"
"5909827","187"
"5909830","1467"
"5909831","39"
"5909832","594"
"5909833","10"
"5909834","16"
"5909835","18"
"5909836","0"
"5909837","223"
"5909838","10"
"5909839","537"
"5909841","48"
"5909842","10"
"5909843","27"
"5909844","5"
"5909845","94"
"5909847","5"
"5909848","26"
"5909849","0"
"5909852","0"
"5909875","84"
"5909876","15"
"5909877","187"
"5909878","81"
"5909879","316"
"5909880","185"
"5909881","292"
"5909882","108"
"5909883","5"
"5909884","795"
"5909885","80"
"5915001","104177"
"5915002","25081"
"5915004","468251"
"5915007","19339"
"5915011","99863"
"5915015","190473"
"5915020","13035"
"5915022","603502"
"5915025","223218"
"5915029","65976"
"5915034","126456"
"5915036","644"
"5915038","2092"
"5915039","56342"
"5915043","32975"
"5915046","84412"
"5915051","48196"
"5915055","42694"
"5915062","3402"
"5915065","1318"
"5915070","17736"
"5915075","76052"
"5915801","108"
"5915802","720"
"5915803","1569"
"5915804","5"
"5915805","39"
"5915806","1472"
"5915807","574"
"5915808","2700"
"5915809","0"
"5915810","5"
"5915811","107"
"5915813","0"
"5915816","68"
"5915825","498"
"5915830","229"
"5915835","0"
"5915840","0"
"5917005","11089"
"5917010","11178"
"5917015","15936"
"5917021","109752"
"5917027","10234"
"5917029","4868"
"5917030","18015"
"5917034","80017"
"5917040","16209"
"5917041","16093"
"5917042","4803"
"5917044","29228"
"5917047","9381"
"5917049","2120"
"5917052","11435"
"5917054","4173"
"5917056","178"
"5917801","322"
"5917802","116"
"5917803","1709"
"5917804","818"
"5917805","0"
"5917809","324"
"5917811","."
"5917812","1678"
"5917815","96"
"5917819","219"
"5919008","28807"
"5919012","4932"
"5919013","2971"
"5919015","2221"
"5919016","2974"
"5919017","2332"
"5919021","7921"
"5919033","1649"
"5919035","1111"
"5919043","4393"
"5919046","8127"
"5919049","4796"
"5919051","3854"
"5919801","160"
"5919802","40"
"5919803","88"
"5919804","683"
"5919808","0"
"5919809","446"
"5919811","0"
"5919812","33"
"5919814","162"
"5919815","102"
"5919816","89"
"5919817","0"
"5919818","31"
"5919820","41"
"5919821","32"
"5919822","2337"
"5921007","83810"
"5921008","3601"
"5921010","6908"
"5921014","4045"
"5921016","2834"
"5921018","11977"
"5921023","8687"
"5921030","5674"
"5921032","7422"
"5921034","7158"
"5921036","3509"
"5921804","377"
"5921805","204"
"5921806","81"
"5921807","287"
"5923008","17743"
"5923019","1627"
"5923025","1876"
"5923033","456"
"5923035","1701"
"5923037","2885"
"5923039","1916"
"5923047","192"
"5923049","433"
"5923801","160"
"5923802","10"
"5923803","73"
"5923804","0"
"5923805","19"
"5923806","5"
"5923807","240"
"5923808","695"
"5923809","10"
"5923810","22"
"5923813","156"
"5923814","0"
"5923816","584"
"5923822","10"
"5923823","176"
"5923824","72"
"5923825","0"
"5924025","1267"
"5924029","125"
"5924030","316"
"5924034","31186"
"5924039","317"
"5924042","4037"
"5924048","807"
"5924052","1007"
"5924054","2601"
"5924803","0"
"5924804","424"
"5924805","0"
"5924806","182"
"5924812","246"
"5924813","0"
"5924814","10"
"5924817","143"
"5924818","0"
"5924820","47"
"5924833","30"
"5924835","234"
"5924836","70"
"5924840","203"
"5926005","13627"
"5926010","24099"
"5926014","3398"
"5926021","6899"
"5926022","6939"
"5926024","8325"
"5926801","251"
"5926802","0"
"5927008","13165"
"5927010","1008"
"5927012","1488"
"5927016","2014"
"5927018","1053"
"5927020","426"
"5927802","730"
"5927806","22"
"5929005","4437"
"5929011","9291"
"5929018","2678"
"5929022","2675"
"5929024","3244"
"5929026","3482"
"5929028","2015"
"5929801","0"
"5929803","797"
"5931006","17158"
"5931012","2369"
"5931017","1804"
"5931020","9824"
"5931021","836"
"5931026","2322"
"5931032","224"
"5931034","359"
"5931801","56"
"5931802","37"
"5931806","53"
"5931807","97"
"5931808","111"
"5931809","23"
"5931812","110"
"5931813","236"
"5931814","54"
"5931815","70"
"5931816","130"
"5931817","10"
"5931818","5"
"5931819","0"
"5931820","15"
"5931821","222"
"5931822","5"
"5931823","32"
"5931824","5"
"5931826","16"
"5931827","5"
"5931828","30"
"5931829","51"
"5931831","223"
"5931832","5"
"5931833","25"
"5931842","51"
"5931843","1306"
"5931844","292"
"5933006","7113"
"5933008","1823"
"5933012","749"
"5933015","228"
"5933019","1628"
"5933024","1040"
"5933028","636"
"5933032","1074"
"5933035","2073"
"5933037","1256"
"5933039","1560"
"5933042","85678"
"5933044","3620"
"5933045","371"
"5933054","2495"
"5933060","3049"
"5933067","2331"
"5933068","1536"
"5933070","283"
"5933072","1335"
"5933074","1773"
"5933801","349"
"5933802","158"
"5933803","0"
"5933805","44"
"5933806","144"
"5933807","603"
"5933808","127"
"5933809","36"
"5933810","0"
"5933811","25"
"5933812","138"
"5933813","5"
"5933814","97"
"5933817","253"
"5933819","5"
"5933821","0"
"5933823","20"
"5933824","0"
"5933825","41"
"5933828","5"
"5933829","52"
"5933830","0"
"5933831","5"
"5933832","87"
"5933833","199"
"5933834","39"
"5933836","54"
"5933837","0"
"5933838","237"
"5933839","0"
"5933840","5"
"5933841","5"
"5933842","0"
"5933844","76"
"5933845","21"
"5933846","5"
"5933848","10"
"5933849","106"
"5933850","16"
"5933851","64"
"5933852","5"
"5933853","128"
"5933854","0"
"5933855","29"
"5933857","0"
"5933858","20"
"5933859","55"
"5933861","5"
"5933865","5"
"5933866","5"
"5933868","5"
"5933870","0"
"5933872","68"
"5933873","75"
"5933874","0"
"5933875","29"
"5933876","10"
"5933877","60"
"5933878","10"
"5933879","25"
"5933880","2577"
"5933881","0"
"5933882","15"
"5933884","320"
"5933886","0"
"5933887","252"
"5933888","15"
"5933889","10"
"5933895","15"
"5933896","53"
"5933897","0"
"5935010","117312"
"5935012","3795"
"5935016","11708"
"5935018","5200"
"5935020","1947"
"5935029","30892"
"5935801","1917"
"5935802","5882"
"5935803","1186"
"5937005","1731"
"5937010","10314"
"5937014","38150"
"5937017","3046"
"5937021","3872"
"5937022","2848"
"5937023","939"
"5937024","5055"
"5937028","4815"
"5937033","2932"
"5937041","3938"
"5937801","2604"
"5937802","390"
"5937803","598"
"5937805","5"
"5939007","3701"
"5939011","3065"
"5939019","7139"
"5939023","552"
"5939032","17464"
"5939037","7662"
"5939039","4047"
"5939043","1335"
"5939044","2368"
"5939045","2441"
"5939801","51"
"5939802","26"
"5939803","75"
"5939804","69"
"5939805","234"
"5939806","45"
"5939807","19"
"5939808","90"
"5939811","129"
"5941005","1886"
"5941009","10832"
"5941010","2988"
"5941012","4129"
"5941013","10007"
"5941014","4564"
"5941015","4955"
"5941016","1569"
"5941017","4177"
"5941019","6250"
"5941021","4006"
"5941025","245"
"5941026","1225"
"5941027","1511"
"5941039","600"
"5941041","494"
"5941801","353"
"5941802","224"
"5941803","0"
"5941804","0"
"5941805","111"
"5941806","80"
"5941807","30"
"5941808","118"
"5941809","73"
"5941810","33"
"5941811","20"
"5941812","227"
"5941813","5"
"5941817","0"
"5941818","0"
"5941819","0"
"5941820","0"
"5941821","475"
"5941827","0"
"5941828","43"
"5941829","0"
"5941831","5"
"5941833","39"
"5941834","0"
"5941835","0"
"5941837","132"
"5941838","5"
"5941839","185"
"5941840","161"
"5941841","201"
"5941842","0"
"5941843","0"
"5941844","0"
"5941845","20"
"5941846","0"
"5941847","0"
"5941848","0"
"5941849","5"
"5941850","113"
"5941851","10"
"5941852","21"
"5941854","0"
"5941855","5"
"5941856","0"
"5941858","0"
"5941859","0"
"5941860","0"
"5941861","0"
"5941862","0"
"5941863","0"
"5941864","5"
"5941865","0"
"5941866","0"
"5941868","5"
"5941871","20"
"5941872","5"
"5941873","5"
"5941876","0"
"5941879","10"
"5941880","138"
"5941881","0"
"5941882","52"
"5941883","0"
"5941884","10"
"5941885","10"
"5943008","445"
"5943012","2505"
"5943017","805"
"5943023","4008"
"5943027","81"
"5943031","756"
"5943033","272"
"5943037","981"
"5943804","46"
"5943806","491"
"5943807","10"
"5943808","38"
"5943809","0"
"5943813","91"
"5943815","211"
"5943816","214"
"5943817","0"
"5943836","15"
"5943837","537"
"5945006","129"
"5945010","588"
"5945012","384"
"5945014","95"
"5945801","1095"
"5945802","852"
"5945803","63"
"5947007","544"
"5947012","12508"
"5947016","29"
"5947021","147"
"5947023","884"
"5947026","944"
"5947027","524"
"5947030","378"
"5947032","317"
"5947803","614"
"5947804","709"
"5947806","20"
"5947807","405"
"5947809","678"
"5947810","83"
"5949005","8335"
"5949011","11486"
"5949013","2696"
"5949018","3988"
"5949020","5"
"5949022","270"
"5949024","666"
"5949028","1507"
"5949032","494"
"5949035","1909"
"5949038","328"
"5949039","35"
"5949041","248"
"5949802","322"
"5949803","514"
"5949804","302"
"5949805","0"
"5949807","95"
"5949810","88"
"5949811","238"
"5949812","627"
"5949813","536"
"5949814","448"
"5949815","383"
"5949816","500"
"5949817","259"
"5949818","222"
"5949819","175"
"5949820","38"
"5949830","0"
"5949832","207"
"5949843","157"
"5949844","220"
"5949845","58"
"5949846","0"
"5949847","5"
"5951007","4480"
"5951009","1167"
"5951013","1691"
"5951015","1429"
"5951017","1734"
"5951019","3702"
"5951022","2029"
"5951028","2102"
"5951031","1507"
"5951032","303"
"5951034","3147"
"5951038","1350"
"5951043","5404"
"5951051","5391"
"5951053","975"
"5951801","88"
"5951802","201"
"5951803","534"
"5951804","0"
"5951805","111"
"5951806","15"
"5951807","205"
"5951809","332"
"5951810","409"
"5951811","0"
"5951813","10"
"5951814","15"
"5951815","55"
"5951818","84"
"5951819","10"
"5951820","5"
"5951821","10"
"5951822","10"
"5951823","0"
"5951824","20"
"5951825","5"
"5951826","5"
"5951827","301"
"5951828","93"
"5951829","81"
"5951830","5"
"5951833","0"
"5951840","10"
"5951844","0"
"5951845","0"
"5951846","0"
"5951847","0"
"5951848","183"
"5951849","0"
"5953007","1020"
"5953012","586"
"5953019","1665"
"5953023","71974"
"5953033","3507"
"5953038","3362"
"5953042","3434"
"5953044","4175"
"5953046","479"
"5953048","1207"
"5953050","317"
"5953801","80"
"5953802","73"
"5955003","2710"
"5955005","738"
"5955010","2635"
"5955014","11583"
"5955021","5479"
"5955023","2764"
"5955025","970"
"5955030","1373"
"5955034","18609"
"5955040","5552"
"5955042","6398"
"5955801","324"
"5955802","95"
"5955803","210"
"5955804","120"
"5955807","250"
"5955808","170"
"5955812","102"
"5957022","402"
"5957802","15"
"5957803","49"
"5957804","0"
"5957813","105"
"5957814","58"
"5959007","4987"
"5959805","5"
"5959806","457"
"5959809","0"
"5959810","129"
"6001003","802"
"6001004","344"
"6001006","122"
"6001007","138"
"6001008","53"
"6001009","23276"
"6001010","20"
"6001012","503"
"6001016","0"
"6001018","593"
"6001019","0"
"6001022","226"
"6001029","1319"
"6001031","0"
"6001032","132"
"6001033","10"
"6001034","0"
"6001036","391"
"6001037","352"
"6001038","25"
"6001039","95"
"6001041","336"
"6001042","103"
"6001043","245"
"6001044","408"
"6001045","1688"
"6001046","0"
"6001047","15"
"6001048","289"
"6001049","35"
"6001050","25"
"6001052","28"
"6001055","346"
"6001057","0"
"6001058","619"
"6001059","1072"
"6001060","287"
"6101010","143"
"6101014","313"
"6101015","792"
"6101017","3463"
"6101025","633"
"6101036","854"
"6101041","112"
"6101063","0"
"6101095","402"
"6102003","472"
"6102005","478"
"6102007","727"
"6102009","515"
"6102012","149"
"6102063","0"
"6103031","1926"
"6103034","492"
"6103049","253"
"6103052","141"
"6103097","0"
"6104005","45"
"6104006","92"
"6104009","536"
"6104010","102"
"6104013","64"
"6104014","734"
"6104017","292"
"6104038","1238"
"6104044","133"
"6104097","10"
"6105001","2093"
"6105003","87"
"6105004","0"
"6105016","3606"
"6105018","474"
"6105020","295"
"6105026","5"
"6105097","347"
"6106021","210"
"6106023","19234"
"6106097","0"
"6204001","812"
"6204003","6699"
"6204005","455"
"6204007","1363"
"6204009","1425"
"6204010","520"
"6204011","546"
"6204012","1454"
"6204015","934"
"6204018","823"
"6204019","10"
"6204020","1549"
"6204022","214"
"6204025","130"
"6204030","5"
"6205014","834"
"6205015","2318"
"6205016","407"
"6205017","2266"
"6205019","313"
"6205023","1872"
"6205027","945"
"6205033","0"
"6208047","771"
"6208059","1450"
"6208065","0"
"6208068","5"
"6208073","1608"
"6208081","1279"
"6208087","899"
"6208098","0"
